features$author,nn-2_gt-1,nn-5_gt-1,nn-10_gt-1,nn-20_gt-1,nn-2_gt-2,nn-5_gt-2,nn-10_gt-2,nn-20_gt-2,nn-2_gt-3,nn-5_gt-3,nn-10_gt-3,nn-20_gt-3,nn-2_gt-4,nn-5_gt-4,nn-10_gt-4,nn-20_gt-4
Dexaan,2,2,4,1,0,2,4,1,0,2,4,1,0,0,4,1
150c_vapour,NA,NA,3,7,0,NA,3,7,0,NA,3,7,0,0,3,7
Dexaan,NA,NA,NA,7,0,NA,NA,7,0,NA,NA,7,0,0,NA,7
Dexaan,NA,NA,NA,1,0,NA,NA,1,0,NA,NA,1,0,0,NA,1
150c_vapour,NA,NA,NA,NA,0,NA,NA,NA,0,NA,NA,NA,0,0,NA,NA
Tnargkiller,NA,NA,8,13,0,NA,8,13,0,NA,8,13,0,0,8,13
Heliocentrist,NA,NA,NA,7,0,NA,NA,7,0,NA,NA,7,0,0,NA,7
Tnargkiller,NA,NA,NA,14,0,NA,NA,14,0,NA,NA,14,0,0,NA,14
woodukindly_bruh,NA,NA,NA,4,0,NA,NA,4,0,NA,NA,4,0,0,NA,4
Zulucandle,NA,NA,10,14,0,NA,10,14,0,NA,10,14,0,0,10,14
kodefuguru,NA,NA,NA,11,0,NA,NA,11,0,NA,NA,11,0,0,NA,11
woodukindly_bruh,NA,NA,NA,NA,0,NA,NA,NA,0,NA,NA,NA,0,0,NA,NA
Tnargkiller,2,5,8,10,0,5,8,10,0,5,8,10,0,0,8,10
PhysicianDre,NA,NA,NA,NA,0,NA,NA,NA,0,NA,NA,NA,0,0,NA,NA
rhackleford,NA,NA,NA,NA,0,NA,NA,NA,0,NA,NA,NA,0,0,NA,NA
ShouldBeAnUpvoteGif,NA,NA,NA,NA,0,NA,NA,NA,0,NA,NA,NA,0,0,NA,NA
JacksonGuitarguy,NA,4,6,9,0,4,6,9,0,4,6,9,0,0,6,9
RonaId_Trump,NA,NA,NA,NA,0,NA,NA,NA,0,NA,NA,NA,0,0,NA,NA
RonaId_Trump,NA,NA,NA,14,0,NA,NA,14,0,NA,NA,14,0,0,NA,14
RonaId_Trump,2,1,2,1,0,1,2,1,0,1,2,1,0,0,2,1
RonaId_Trump,NA,NA,NA,NA,0,NA,NA,NA,0,NA,NA,NA,0,0,NA,NA
ParentPostLacksWang,NA,NA,NA,12,0,NA,NA,12,0,NA,NA,12,0,0,NA,12
RonaId_Trump,1,2,4,9,0,2,4,9,0,2,4,9,0,0,4,9
Beebeeb,NA,NA,NA,NA,0,NA,NA,NA,0,NA,NA,NA,0,0,NA,NA
RonaId_Trump,2,5,1,2,0,5,1,2,0,5,1,2,0,0,1,2
Asphyxiatinglaughter,NA,NA,NA,4,0,NA,NA,4,0,NA,NA,4,0,0,NA,4
JacksonGuitarguy,NA,NA,NA,8,0,NA,NA,8,0,NA,NA,8,0,0,NA,8
FearLeadsToAnger,NA,NA,NA,NA,0,NA,NA,NA,0,NA,NA,NA,0,0,NA,NA
FearLeadsToAnger,NA,NA,NA,NA,0,NA,NA,NA,0,NA,NA,NA,0,0,NA,NA
150c_vapour,NA,NA,NA,NA,0,NA,NA,NA,0,NA,NA,NA,0,0,NA,NA
Tnargkiller,NA,NA,NA,NA,0,NA,NA,NA,0,NA,NA,NA,0,0,NA,NA
Tnargkiller,NA,4,8,14,0,4,8,14,0,4,8,14,0,0,8,14
Tnargkiller,NA,NA,NA,NA,0,NA,NA,NA,0,NA,NA,NA,0,0,NA,NA
shadeslayer0930,NA,NA,NA,NA,0,NA,NA,NA,0,NA,NA,NA,0,0,NA,NA
FearLeadsToAnger,1,1,4,8,0,1,4,8,0,1,4,8,0,0,4,8
Heliocentrist,NA,NA,6,10,0,NA,6,10,0,NA,6,10,0,0,6,10
FearLeadsToAnger,NA,1,4,6,0,1,4,6,0,1,4,6,0,0,4,6
FearLeadsToAnger,NA,NA,4,8,0,NA,4,8,0,NA,4,8,0,0,4,8
Heliocentrist,NA,NA,NA,1,0,NA,NA,1,0,NA,NA,1,0,0,NA,1
Tnargkiller,NA,NA,NA,NA,0,NA,NA,NA,0,NA,NA,NA,0,0,NA,NA
InVultusSolis,NA,NA,NA,NA,0,NA,NA,NA,0,NA,NA,NA,0,0,NA,NA
InVultusSolis,NA,NA,NA,NA,0,NA,NA,NA,0,NA,NA,NA,0,0,NA,NA
InVultusSolis,NA,NA,NA,NA,0,NA,NA,NA,0,NA,NA,NA,0,0,NA,NA
150c_vapour,1,2,2,6,0,2,2,6,0,2,2,6,0,0,2,6
150c_vapour,NA,NA,NA,NA,0,NA,NA,NA,0,NA,NA,NA,0,0,NA,NA
150c_vapour,NA,NA,NA,NA,0,NA,NA,NA,0,NA,NA,NA,0,0,NA,NA
150c_vapour,NA,NA,1,6,0,NA,1,6,0,NA,1,6,0,0,1,6
FearLeadsToAnger,NA,NA,NA,9,0,NA,NA,9,0,NA,NA,9,0,0,NA,9
150c_vapour,NA,NA,NA,NA,0,NA,NA,NA,0,NA,NA,NA,0,0,NA,NA
FearLeadsToAnger,NA,NA,NA,8,0,NA,NA,8,0,NA,NA,8,0,0,NA,8
__worldpeace,1,2,2,2,0,2,2,2,0,2,2,2,0,0,2,2
150c_vapour,NA,NA,NA,NA,0,NA,NA,NA,0,NA,NA,NA,0,0,NA,NA
kodefuguru,NA,NA,NA,NA,0,NA,NA,NA,0,NA,NA,NA,0,0,NA,NA
IHeartmyshihtzu,NA,NA,NA,NA,0,NA,NA,NA,0,NA,NA,NA,0,0,NA,NA
FromAPorcelainThrone,NA,NA,NA,NA,0,NA,NA,NA,0,NA,NA,NA,0,0,NA,NA
woodukindly_bruh,NA,NA,NA,NA,0,NA,NA,NA,0,NA,NA,NA,0,0,NA,NA
IHeartmyshihtzu,NA,NA,NA,NA,0,NA,NA,NA,0,NA,NA,NA,0,0,NA,NA
RedneckAvengers,NA,NA,NA,NA,0,NA,NA,NA,0,NA,NA,NA,0,0,NA,NA
RedneckAvengers,NA,NA,7,12,0,NA,7,12,0,NA,7,12,0,0,7,12
IHeartmyshihtzu,2,4,6,11,0,4,6,11,0,4,6,11,0,0,6,11
Heliocentrist,NA,NA,NA,8,0,NA,NA,8,0,NA,NA,8,0,0,NA,8
CannedBullet,NA,NA,NA,NA,0,NA,NA,NA,0,NA,NA,NA,0,0,NA,NA
CannedBullet,1,2,4,2,0,2,4,2,0,2,4,2,0,0,4,2
IHeartmyshihtzu,NA,NA,NA,NA,0,NA,NA,NA,0,NA,NA,NA,0,0,NA,NA
Heliocentrist,NA,NA,NA,NA,0,NA,NA,NA,0,NA,NA,NA,0,0,NA,NA
Heliocentrist,NA,NA,NA,7,0,NA,NA,7,0,NA,NA,7,0,0,NA,7
Heliocentrist,NA,NA,NA,8,0,NA,NA,8,0,NA,NA,8,0,0,NA,8
CannedBullet,NA,NA,2,3,0,NA,2,3,0,NA,2,3,0,0,2,3
Heliocentrist,NA,1,1,1,0,1,1,1,0,1,1,1,0,0,1,1
IHeartmyshihtzu,NA,NA,NA,NA,0,NA,NA,NA,0,NA,NA,NA,0,0,NA,NA
CannedBullet,NA,NA,NA,3,0,NA,NA,3,0,NA,NA,3,0,0,NA,3
IHeartmyshihtzu,NA,NA,7,2,0,NA,7,2,0,NA,7,2,0,0,7,2
Dexaan,NA,1,4,1,0,1,4,1,0,1,4,1,0,0,4,1
InVultusSolis,NA,NA,NA,NA,0,NA,NA,NA,0,NA,NA,NA,0,0,NA,NA
__worldpeace,NA,NA,NA,NA,0,NA,NA,NA,0,NA,NA,NA,0,0,NA,NA
CannedBullet,NA,NA,NA,NA,0,NA,NA,NA,0,NA,NA,NA,0,0,NA,NA
CannedBullet,NA,NA,NA,NA,0,NA,NA,NA,0,NA,NA,NA,0,0,NA,NA
somekid66,NA,NA,NA,NA,0,NA,NA,NA,0,NA,NA,NA,0,0,NA,NA
ShouldBeAnUpvoteGif,NA,4,5,8,0,4,5,8,0,4,5,8,0,0,5,8
JacksonGuitarguy,NA,NA,NA,13,0,NA,NA,13,0,NA,NA,13,0,0,NA,13
Dexaan,NA,NA,5,1,0,NA,5,1,0,NA,5,1,0,0,5,1
ShouldBeAnUpvoteGif,NA,NA,NA,NA,0,NA,NA,NA,0,NA,NA,NA,0,0,NA,NA
rhackleford,NA,NA,NA,NA,0,NA,NA,NA,0,NA,NA,NA,0,0,NA,NA
Heliocentrist,NA,3,2,3,0,3,2,3,0,3,2,3,0,0,2,3
woodukindly_bruh,NA,NA,NA,NA,0,NA,NA,NA,0,NA,NA,NA,0,0,NA,NA
woodukindly_bruh,NA,NA,NA,13,0,NA,NA,13,0,NA,NA,13,0,0,NA,13
JacksonGuitarguy,NA,NA,2,4,0,NA,2,4,0,NA,2,4,0,0,2,4
150c_vapour,NA,NA,NA,NA,0,NA,NA,NA,0,NA,NA,NA,0,0,NA,NA
veggielover24,NA,NA,NA,NA,0,NA,NA,NA,0,NA,NA,NA,0,0,NA,NA
FearDaNeard,NA,NA,NA,NA,0,NA,NA,NA,0,NA,NA,NA,0,0,NA,NA
IHeartmyshihtzu,NA,NA,NA,NA,0,NA,NA,NA,0,NA,NA,NA,0,0,NA,NA
IHeartmyshihtzu,NA,NA,NA,NA,0,NA,NA,NA,0,NA,NA,NA,0,0,NA,NA
LouGossetJr,NA,NA,NA,NA,0,NA,NA,NA,0,NA,NA,NA,0,0,NA,NA
LouGossetJr,NA,NA,NA,NA,0,NA,NA,NA,0,NA,NA,NA,0,0,NA,NA
RedneckAvengers,NA,NA,NA,10,0,NA,NA,10,0,NA,NA,10,0,0,NA,10
rhackleford,NA,NA,NA,NA,0,NA,NA,NA,0,NA,NA,NA,0,0,NA,NA
Dexaan,NA,2,4,2,0,2,4,2,0,2,4,2,0,0,4,2
Dexaan,NA,1,4,3,0,1,4,3,0,1,4,3,0,0,4,3
FearDaNeard,NA,NA,NA,NA,0,NA,NA,NA,0,NA,NA,NA,0,0,NA,NA
Tnargkiller,NA,NA,NA,NA,0,NA,NA,NA,0,NA,NA,NA,0,0,NA,NA
FearDaNeard,NA,NA,NA,NA,0,NA,NA,NA,0,NA,NA,NA,0,0,NA,NA
Tnargkiller,NA,NA,NA,NA,0,NA,NA,NA,0,NA,NA,NA,0,0,NA,NA
FearDaNeard,NA,NA,NA,NA,0,NA,NA,NA,0,NA,NA,NA,0,0,NA,NA
FearLeadsToAnger,NA,NA,NA,2,0,NA,NA,2,0,NA,NA,2,0,0,NA,2
CannedBullet,NA,NA,1,4,0,NA,1,4,0,NA,1,4,0,0,1,4
woodukindly_bruh,NA,1,1,3,0,1,1,3,0,1,1,3,0,0,1,3
Heliocentrist,1,3,5,1,0,3,5,1,0,3,5,1,0,0,5,1
Heliocentrist,NA,NA,4,10,0,NA,4,10,0,NA,4,10,0,0,4,10
Heliocentrist,NA,NA,NA,8,0,NA,NA,8,0,NA,NA,8,0,0,NA,8
Heliocentrist,NA,NA,NA,8,0,NA,NA,8,0,NA,NA,8,0,0,NA,8
Heliocentrist,NA,NA,3,6,0,NA,3,6,0,NA,3,6,0,0,3,6
FearDaNeard,NA,NA,4,8,0,NA,4,8,0,NA,4,8,0,0,4,8
Tnargkiller,NA,4,8,13,0,4,8,13,0,4,8,13,0,0,8,13
veggielover24,NA,NA,NA,NA,0,NA,NA,NA,0,NA,NA,NA,0,0,NA,NA
veggielover24,NA,NA,NA,NA,0,NA,NA,NA,0,NA,NA,NA,0,0,NA,NA
PhysicianDre,NA,NA,NA,NA,0,NA,NA,NA,0,NA,NA,NA,0,0,NA,NA
CannedBullet,NA,NA,NA,NA,0,NA,NA,NA,0,NA,NA,NA,0,0,NA,NA
woodukindly_bruh,NA,NA,7,7,0,NA,7,7,0,NA,7,7,0,0,7,7
CannedBullet,NA,NA,1,1,0,NA,1,1,0,NA,1,1,0,0,1,1
FearDaNeard,NA,NA,NA,NA,0,NA,NA,NA,0,NA,NA,NA,0,0,NA,NA
GalaxyDelta9,NA,NA,NA,NA,0,NA,NA,NA,0,NA,NA,NA,0,0,NA,NA
FearDaNeard,NA,2,2,6,0,2,2,6,0,2,2,6,0,0,2,6
RedneckAvengers,NA,NA,NA,14,0,NA,NA,14,0,NA,NA,14,0,0,NA,14
RedneckAvengers,NA,4,7,4,0,4,7,4,0,4,7,4,0,0,7,4
RedneckAvengers,NA,NA,NA,NA,0,NA,NA,NA,0,NA,NA,NA,0,0,NA,NA
CannedBullet,1,2,3,7,0,2,3,7,0,2,3,7,0,0,3,7
JacksonGuitarguy,NA,NA,NA,2,0,NA,NA,2,0,NA,NA,2,0,0,NA,2
JacksonGuitarguy,NA,NA,NA,NA,0,NA,NA,NA,0,NA,NA,NA,0,0,NA,NA
RedneckAvengers,NA,NA,NA,11,0,NA,NA,11,0,NA,NA,11,0,0,NA,11
RedneckAvengers,NA,NA,NA,NA,0,NA,NA,NA,0,NA,NA,NA,0,0,NA,NA
RedneckAvengers,NA,NA,NA,11,0,NA,NA,11,0,NA,NA,11,0,0,NA,11
crazyike,NA,NA,NA,8,0,NA,NA,8,0,NA,NA,8,0,0,NA,8
JacksonGuitarguy,NA,NA,NA,NA,0,NA,NA,NA,0,NA,NA,NA,0,0,NA,NA
CannedBullet,NA,NA,NA,7,0,NA,NA,7,0,NA,NA,7,0,0,NA,7
CannedBullet,NA,NA,NA,4,0,NA,NA,4,0,NA,NA,4,0,0,NA,4
RonaId_Trump,NA,4,7,11,0,4,7,11,0,4,7,11,0,0,7,11
RonaId_Trump,NA,5,9,14,0,5,9,14,0,5,9,14,0,0,9,14
CannedBullet,NA,NA,NA,NA,0,NA,NA,NA,0,NA,NA,NA,0,0,NA,NA
CannedBullet,NA,1,3,5,0,1,3,5,0,1,3,5,0,0,3,5
ParentPostLacksWang,NA,NA,NA,9,0,NA,NA,9,0,NA,NA,9,0,0,NA,9
CannedBullet,NA,NA,NA,NA,0,NA,NA,NA,0,NA,NA,NA,0,0,NA,NA
Afasso,NA,NA,NA,NA,0,NA,NA,NA,0,NA,NA,NA,0,0,NA,NA
RonaId_Trump,NA,NA,NA,4,0,NA,NA,4,0,NA,NA,4,0,0,NA,4
cunninglinguist81,NA,NA,4,9,0,NA,4,9,0,NA,4,9,0,0,4,9
cunninglinguist81,NA,NA,NA,NA,0,NA,NA,NA,0,NA,NA,NA,0,0,NA,NA
cunninglinguist81,NA,NA,NA,6,0,NA,NA,6,0,NA,NA,6,0,0,NA,6
cunninglinguist81,NA,NA,3,7,0,NA,3,7,0,NA,3,7,0,0,3,7
cunninglinguist81,NA,NA,NA,NA,0,NA,NA,NA,0,NA,NA,NA,0,0,NA,NA
JimmyHoffa1,NA,NA,NA,NA,0,NA,NA,NA,0,NA,NA,NA,0,0,NA,NA
veggielover24,NA,5,8,13,0,5,8,13,0,5,8,13,0,0,8,13
cunninglinguist81,NA,NA,NA,NA,0,NA,NA,NA,0,NA,NA,NA,0,0,NA,NA
cunninglinguist81,NA,3,5,9,0,3,5,9,0,3,5,9,0,0,5,9
cunninglinguist81,NA,NA,NA,NA,0,NA,NA,NA,0,NA,NA,NA,0,0,NA,NA
RedneckAvengers,NA,4,8,13,0,4,8,13,0,4,8,13,0,0,8,13
JimmyHoffa1,NA,NA,NA,NA,0,NA,NA,NA,0,NA,NA,NA,0,0,NA,NA
JimmyHoffa1,NA,NA,NA,NA,0,NA,NA,NA,0,NA,NA,NA,0,0,NA,NA
Heliocentrist,NA,NA,NA,11,0,NA,NA,11,0,NA,NA,11,0,0,NA,11
JimmyHoffa1,NA,NA,NA,10,0,NA,NA,10,0,NA,NA,10,0,0,NA,10
JimmyHoffa1,1,3,5,3,0,3,5,3,0,3,5,3,0,0,5,3
FearLeadsToAnger,NA,NA,NA,9,0,NA,NA,9,0,NA,NA,9,0,0,NA,9
FearLeadsToAnger,NA,NA,NA,9,0,NA,NA,9,0,NA,NA,9,0,0,NA,9
InVultusSolis,NA,NA,NA,7,0,NA,NA,7,0,NA,NA,7,0,0,NA,7
cunninglinguist81,NA,NA,NA,7,0,NA,NA,7,0,NA,NA,7,0,0,NA,7
cunninglinguist81,NA,NA,NA,NA,0,NA,NA,NA,0,NA,NA,NA,0,0,NA,NA
cunninglinguist81,1,2,3,9,0,2,3,9,0,2,3,9,0,0,3,9
WadeK,NA,NA,NA,14,0,NA,NA,14,0,NA,NA,14,0,0,NA,14
BigBrownDownTown,NA,NA,NA,NA,0,NA,NA,NA,0,NA,NA,NA,0,0,NA,NA
woodukindly_bruh,NA,NA,NA,5,0,NA,NA,5,0,NA,NA,5,0,0,NA,5
woodukindly_bruh,NA,5,1,4,0,5,1,4,0,5,1,4,0,0,1,4
woodukindly_bruh,NA,NA,NA,NA,0,NA,NA,NA,0,NA,NA,NA,0,0,NA,NA
FearLeadsToAnger,NA,NA,6,8,0,NA,6,8,0,NA,6,8,0,0,6,8
FearLeadsToAnger,NA,NA,NA,NA,0,NA,NA,NA,0,NA,NA,NA,0,0,NA,NA
woodukindly_bruh,NA,NA,NA,NA,0,NA,NA,NA,0,NA,NA,NA,0,0,NA,NA
150c_vapour,NA,NA,NA,NA,0,NA,NA,NA,0,NA,NA,NA,0,0,NA,NA
150c_vapour,NA,NA,NA,NA,0,NA,NA,NA,0,NA,NA,NA,0,0,NA,NA
somekid66,NA,NA,NA,NA,0,NA,NA,NA,0,NA,NA,NA,0,0,NA,NA
woodukindly_bruh,2,5,9,16,0,5,9,16,0,5,9,16,0,0,9,16
cunninglinguist81,NA,NA,2,5,0,NA,2,5,0,NA,2,5,0,0,2,5
cunninglinguist81,NA,NA,NA,NA,0,NA,NA,NA,0,NA,NA,NA,0,0,NA,NA
cunninglinguist81,2,2,4,7,0,2,4,7,0,2,4,7,0,0,4,7
Dexaan,NA,NA,1,1,0,NA,1,1,0,NA,1,1,0,0,1,1
Dexaan,NA,NA,NA,5,0,NA,NA,5,0,NA,NA,5,0,0,NA,5
Tnargkiller,NA,NA,8,14,0,NA,8,14,0,NA,8,14,0,0,8,14
CannedBullet,NA,2,1,3,0,2,1,3,0,2,1,3,0,0,1,3
Tnargkiller,NA,NA,NA,NA,0,NA,NA,NA,0,NA,NA,NA,0,0,NA,NA
CannedBullet,NA,NA,3,5,0,NA,3,5,0,NA,3,5,0,0,3,5
ShouldBeAnUpvoteGif,NA,NA,NA,NA,0,NA,NA,NA,0,NA,NA,NA,0,0,NA,NA
Tnargkiller,NA,NA,NA,4,0,NA,NA,4,0,NA,NA,4,0,0,NA,4
headfullofmangos,NA,NA,NA,NA,0,NA,NA,NA,0,NA,NA,NA,0,0,NA,NA
headfullofmangos,NA,NA,NA,NA,0,NA,NA,NA,0,NA,NA,NA,0,0,NA,NA
damnthatsfuckinggood,NA,NA,NA,NA,0,NA,NA,NA,0,NA,NA,NA,0,0,NA,NA
headfullofmangos,NA,NA,NA,NA,0,NA,NA,NA,0,NA,NA,NA,0,0,NA,NA
cunninglinguist81,NA,1,2,2,0,1,2,2,0,1,2,2,0,0,2,2
Heliocentrist,NA,NA,NA,6,0,NA,NA,6,0,NA,NA,6,0,0,NA,6
Stolichnayaaa,NA,NA,NA,15,0,NA,NA,15,0,NA,NA,15,0,0,NA,15
Stolichnayaaa,NA,NA,NA,NA,0,NA,NA,NA,0,NA,NA,NA,0,0,NA,NA
Stolichnayaaa,NA,NA,6,11,0,NA,6,11,0,NA,6,11,0,0,6,11
woodukindly_bruh,NA,NA,NA,NA,0,NA,NA,NA,0,NA,NA,NA,0,0,NA,NA
InVultusSolis,1,2,1,1,0,2,1,1,0,2,1,1,0,0,1,1
woodukindly_bruh,NA,NA,7,17,0,NA,7,17,0,NA,7,17,0,0,7,17
__worldpeace,NA,NA,NA,NA,0,NA,NA,NA,0,NA,NA,NA,0,0,NA,NA
Heliocentrist,NA,NA,3,1,0,NA,3,1,0,NA,3,1,0,0,3,1
LouGossetJr,NA,NA,NA,NA,0,NA,NA,NA,0,NA,NA,NA,0,0,NA,NA
Heliocentrist,NA,NA,NA,NA,0,NA,NA,NA,0,NA,NA,NA,0,0,NA,NA
ParentPostLacksWang,NA,NA,NA,NA,0,NA,NA,NA,0,NA,NA,NA,0,0,NA,NA
ParentPostLacksWang,NA,NA,NA,NA,0,NA,NA,NA,0,NA,NA,NA,0,0,NA,NA
Dexaan,NA,NA,NA,NA,0,NA,NA,NA,0,NA,NA,NA,0,0,NA,NA
Dexaan,NA,NA,1,1,0,NA,1,1,0,NA,1,1,0,0,1,1
Dexaan,NA,NA,NA,6,0,NA,NA,6,0,NA,NA,6,0,0,NA,6
Dexaan,2,2,2,1,0,2,2,1,0,2,2,1,0,0,2,1
Stolichnayaaa,NA,5,8,11,0,5,8,11,0,5,8,11,0,0,8,11
PhysicianDre,NA,NA,NA,12,0,NA,NA,12,0,NA,NA,12,0,0,NA,12
Dexaan,NA,2,3,7,0,2,3,7,0,2,3,7,0,0,3,7
JacksonGuitarguy,NA,NA,NA,NA,0,NA,NA,NA,0,NA,NA,NA,0,0,NA,NA
CannedBullet,NA,NA,3,6,0,NA,3,6,0,NA,3,6,0,0,3,6
kodefuguru,NA,NA,6,10,0,NA,6,10,0,NA,6,10,0,0,6,10
cunninglinguist81,NA,NA,NA,NA,0,NA,NA,NA,0,NA,NA,NA,0,0,NA,NA
cunninglinguist81,NA,2,2,5,0,2,2,5,0,2,2,5,0,0,2,5
Asphyxiatinglaughter,NA,NA,NA,6,0,NA,NA,6,0,NA,NA,6,0,0,NA,6
FearDaNeard,NA,NA,NA,NA,0,NA,NA,NA,0,NA,NA,NA,0,0,NA,NA
Tnargkiller,NA,4,9,12,0,4,9,12,0,4,9,12,0,0,9,12
woodukindly_bruh,NA,NA,NA,NA,0,NA,NA,NA,0,NA,NA,NA,0,0,NA,NA
woodukindly_bruh,2,2,2,1,0,2,2,1,0,2,2,1,0,0,2,1
woodukindly_bruh,NA,NA,NA,NA,0,NA,NA,NA,0,NA,NA,NA,0,0,NA,NA
Dexaan,1,2,1,1,0,2,1,1,0,2,1,1,0,0,1,1
Dexaan,NA,NA,NA,7,0,NA,NA,7,0,NA,NA,7,0,0,NA,7
JimmyHoffa1,NA,NA,NA,NA,0,NA,NA,NA,0,NA,NA,NA,0,0,NA,NA
JimmyHoffa1,NA,NA,NA,NA,0,NA,NA,NA,0,NA,NA,NA,0,0,NA,NA
Asphyxiatinglaughter,NA,NA,NA,NA,0,NA,NA,NA,0,NA,NA,NA,0,0,NA,NA
ShouldBeAnUpvoteGif,NA,NA,NA,NA,0,NA,NA,NA,0,NA,NA,NA,0,0,NA,NA
crazyike,NA,NA,NA,NA,0,NA,NA,NA,0,NA,NA,NA,0,0,NA,NA
ShouldBeAnUpvoteGif,NA,NA,NA,14,0,NA,NA,14,0,NA,NA,14,0,0,NA,14
ShouldBeAnUpvoteGif,NA,5,7,10,0,5,7,10,0,5,7,10,0,0,7,10
crazyike,NA,NA,NA,NA,0,NA,NA,NA,0,NA,NA,NA,0,0,NA,NA
PhysicianDre,1,2,6,4,0,2,6,4,0,2,6,4,0,0,6,4
Beebeeb,NA,NA,NA,NA,0,NA,NA,NA,0,NA,NA,NA,0,0,NA,NA
Tnargkiller,NA,NA,NA,15,0,NA,NA,15,0,NA,NA,15,0,0,NA,15
Dexaan,1,2,4,1,0,2,4,1,0,2,4,1,0,0,4,1
Dexaan,NA,NA,3,3,0,NA,3,3,0,NA,3,3,0,0,3,3
Dexaan,NA,NA,NA,7,0,NA,NA,7,0,NA,NA,7,0,0,NA,7
crazyike,NA,NA,NA,NA,0,NA,NA,NA,0,NA,NA,NA,0,0,NA,NA
crazyike,NA,NA,NA,NA,0,NA,NA,NA,0,NA,NA,NA,0,0,NA,NA
crazyike,NA,NA,NA,NA,0,NA,NA,NA,0,NA,NA,NA,0,0,NA,NA
Heliocentrist,NA,NA,NA,11,0,NA,NA,11,0,NA,NA,11,0,0,NA,11
Heliocentrist,NA,3,4,7,0,3,4,7,0,3,4,7,0,0,4,7
Heliocentrist,1,1,1,1,0,1,1,1,0,1,1,1,0,0,1,1
Heliocentrist,NA,NA,NA,9,0,NA,NA,9,0,NA,NA,9,0,0,NA,9
Heliocentrist,NA,NA,NA,NA,0,NA,NA,NA,0,NA,NA,NA,0,0,NA,NA
Dexaan,NA,1,1,2,0,1,1,2,0,1,1,2,0,0,1,2
cunninglinguist81,NA,NA,NA,NA,0,NA,NA,NA,0,NA,NA,NA,0,0,NA,NA
WadeK,NA,NA,NA,13,0,NA,NA,13,0,NA,NA,13,0,0,NA,13
Heliocentrist,NA,NA,4,7,0,NA,4,7,0,NA,4,7,0,0,4,7
Heliocentrist,NA,NA,NA,NA,0,NA,NA,NA,0,NA,NA,NA,0,0,NA,NA
InVultusSolis,NA,NA,5,11,0,NA,5,11,0,NA,5,11,0,0,5,11
Heliocentrist,1,2,4,4,0,2,4,4,0,2,4,4,0,0,4,4
Dexaan,NA,1,1,1,0,1,1,1,0,1,1,1,0,0,1,1
150c_vapour,NA,NA,NA,NA,0,NA,NA,NA,0,NA,NA,NA,0,0,NA,NA
RonaId_Trump,NA,NA,8,15,0,NA,8,15,0,NA,8,15,0,0,8,15
Dexaan,1,1,1,1,0,1,1,1,0,1,1,1,0,0,1,1
Dexaan,NA,NA,3,6,0,NA,3,6,0,NA,3,6,0,0,3,6
Dexaan,NA,NA,NA,8,0,NA,NA,8,0,NA,NA,8,0,0,NA,8
Dexaan,2,1,1,2,0,1,1,2,0,1,1,2,0,0,1,2
Dexaan,NA,NA,1,2,0,NA,1,2,0,NA,1,2,0,0,1,2
LouGossetJr,NA,NA,NA,NA,0,NA,NA,NA,0,NA,NA,NA,0,0,NA,NA
CannedBullet,NA,2,2,8,0,2,2,8,0,2,2,8,0,0,2,8
veggielover24,NA,NA,NA,NA,0,NA,NA,NA,0,NA,NA,NA,0,0,NA,NA
Dexaan,NA,2,4,2,0,2,4,2,0,2,4,2,0,0,4,2
Dexaan,1,1,1,1,0,1,1,1,0,1,1,1,0,0,1,1
CannedBullet,NA,3,4,8,0,3,4,8,0,3,4,8,0,0,4,8
JacksonGuitarguy,NA,NA,5,9,0,NA,5,9,0,NA,5,9,0,0,5,9
JacksonGuitarguy,1,4,2,4,0,4,2,4,0,4,2,4,0,0,2,4
JacksonGuitarguy,NA,NA,NA,NA,0,NA,NA,NA,0,NA,NA,NA,0,0,NA,NA
ShouldBeAnUpvoteGif,NA,NA,NA,NA,0,NA,NA,NA,0,NA,NA,NA,0,0,NA,NA
RonaId_Trump,NA,NA,NA,15,0,NA,NA,15,0,NA,NA,15,0,0,NA,15
JacksonGuitarguy,NA,NA,NA,NA,0,NA,NA,NA,0,NA,NA,NA,0,0,NA,NA
Heliocentrist,2,3,7,2,0,3,7,2,0,3,7,2,0,0,7,2
150c_vapour,NA,NA,3,3,0,NA,3,3,0,NA,3,3,0,0,3,3
Heliocentrist,NA,3,6,9,0,3,6,9,0,3,6,9,0,0,6,9
Heliocentrist,NA,3,1,1,0,3,1,1,0,3,1,1,0,0,1,1
Heliocentrist,NA,4,6,1,0,4,6,1,0,4,6,1,0,0,6,1
InVultusSolis,NA,NA,NA,NA,0,NA,NA,NA,0,NA,NA,NA,0,0,NA,NA
JacksonGuitarguy,NA,NA,NA,10,0,NA,NA,10,0,NA,NA,10,0,0,NA,10
ParentPostLacksWang,NA,NA,NA,NA,0,NA,NA,NA,0,NA,NA,NA,0,0,NA,NA
InVultusSolis,NA,NA,NA,NA,0,NA,NA,NA,0,NA,NA,NA,0,0,NA,NA
Heliocentrist,NA,4,5,11,0,4,5,11,0,4,5,11,0,0,5,11
ShouldBeAnUpvoteGif,NA,3,1,3,0,3,1,3,0,3,1,3,0,0,1,3
WadeK,NA,NA,NA,14,0,NA,NA,14,0,NA,NA,14,0,0,NA,14
Dexaan,1,2,2,1,0,2,2,1,0,2,2,1,0,0,2,1
Heliocentrist,NA,2,1,3,0,2,1,3,0,2,1,3,0,0,1,3
JacksonGuitarguy,2,4,6,4,0,4,6,4,0,4,6,4,0,0,6,4
CannedBullet,NA,NA,2,2,0,NA,2,2,0,NA,2,2,0,0,2,2
InVultusSolis,NA,NA,NA,12,0,NA,NA,12,0,NA,NA,12,0,0,NA,12
InVultusSolis,NA,NA,NA,NA,0,NA,NA,NA,0,NA,NA,NA,0,0,NA,NA
InVultusSolis,NA,NA,NA,NA,0,NA,NA,NA,0,NA,NA,NA,0,0,NA,NA
woodukindly_bruh,NA,4,8,4,0,4,8,4,0,4,8,4,0,0,8,4
woodukindly_bruh,NA,NA,NA,NA,0,NA,NA,NA,0,NA,NA,NA,0,0,NA,NA
j_strange888,NA,NA,NA,NA,0,NA,NA,NA,0,NA,NA,NA,0,0,NA,NA
Dexaan,NA,NA,NA,6,0,NA,NA,6,0,NA,NA,6,0,0,NA,6
PhysicianDre,NA,NA,7,11,0,NA,7,11,0,NA,7,11,0,0,7,11
Dexaan,2,1,1,3,0,1,1,3,0,1,1,3,0,0,1,3
ParentPostLacksWang,NA,NA,NA,NA,0,NA,NA,NA,0,NA,NA,NA,0,0,NA,NA
CannedBullet,NA,NA,NA,NA,0,NA,NA,NA,0,NA,NA,NA,0,0,NA,NA
Tnargkiller,NA,NA,NA,NA,0,NA,NA,NA,0,NA,NA,NA,0,0,NA,NA
JimmyHoffa1,NA,NA,NA,5,0,NA,NA,5,0,NA,NA,5,0,0,NA,5
CannedBullet,NA,NA,NA,NA,0,NA,NA,NA,0,NA,NA,NA,0,0,NA,NA
GalaxyDelta9,NA,NA,NA,NA,0,NA,NA,NA,0,NA,NA,NA,0,0,NA,NA
LouGossetJr,NA,NA,NA,NA,0,NA,NA,NA,0,NA,NA,NA,0,0,NA,NA
PhysicianDre,NA,NA,NA,10,0,NA,NA,10,0,NA,NA,10,0,0,NA,10
LouGossetJr,NA,NA,NA,NA,0,NA,NA,NA,0,NA,NA,NA,0,0,NA,NA
LouGossetJr,NA,NA,NA,NA,0,NA,NA,NA,0,NA,NA,NA,0,0,NA,NA
FearDaNeard,2,2,4,7,0,2,4,7,0,2,4,7,0,0,4,7
FearDaNeard,NA,2,2,2,0,2,2,2,0,2,2,2,0,0,2,2
WadeK,NA,NA,NA,NA,0,NA,NA,NA,0,NA,NA,NA,0,0,NA,NA
WadeK,NA,NA,NA,NA,0,NA,NA,NA,0,NA,NA,NA,0,0,NA,NA
FearDaNeard,NA,NA,NA,NA,0,NA,NA,NA,0,NA,NA,NA,0,0,NA,NA
FearDaNeard,NA,NA,3,7,0,NA,3,7,0,NA,3,7,0,0,3,7
somekid66,NA,NA,NA,12,0,NA,NA,12,0,NA,NA,12,0,0,NA,12
kodefuguru,NA,NA,6,3,0,NA,6,3,0,NA,6,3,0,0,6,3
Dexaan,NA,NA,3,1,0,NA,3,1,0,NA,3,1,0,0,3,1
FearDaNeard,NA,NA,NA,NA,0,NA,NA,NA,0,NA,NA,NA,0,0,NA,NA
ShouldBeAnUpvoteGif,NA,NA,NA,NA,0,NA,NA,NA,0,NA,NA,NA,0,0,NA,NA
xENO_,NA,NA,NA,NA,0,NA,NA,NA,0,NA,NA,NA,0,0,NA,NA
veggielover24,NA,NA,NA,NA,0,NA,NA,NA,0,NA,NA,NA,0,0,NA,NA
JacksonGuitarguy,NA,NA,NA,9,0,NA,NA,9,0,NA,NA,9,0,0,NA,9
ParentPostLacksWang,NA,NA,NA,NA,0,NA,NA,NA,0,NA,NA,NA,0,0,NA,NA
JacksonGuitarguy,NA,NA,NA,13,0,NA,NA,13,0,NA,NA,13,0,0,NA,13
CannedBullet,NA,NA,NA,NA,0,NA,NA,NA,0,NA,NA,NA,0,0,NA,NA
Stolichnayaaa,NA,NA,NA,15,0,NA,NA,15,0,NA,NA,15,0,0,NA,15
JacksonGuitarguy,NA,NA,NA,NA,0,NA,NA,NA,0,NA,NA,NA,0,0,NA,NA
JacksonGuitarguy,NA,NA,NA,NA,0,NA,NA,NA,0,NA,NA,NA,0,0,NA,NA
RonaId_Trump,NA,NA,NA,NA,0,NA,NA,NA,0,NA,NA,NA,0,0,NA,NA
RonaId_Trump,NA,NA,NA,13,0,NA,NA,13,0,NA,NA,13,0,0,NA,13
RonaId_Trump,NA,4,2,5,0,4,2,5,0,4,2,5,0,0,2,5
RonaId_Trump,NA,NA,NA,NA,0,NA,NA,NA,0,NA,NA,NA,0,0,NA,NA
RonaId_Trump,1,3,1,2,0,3,1,2,0,3,1,2,0,0,1,2
GalaxyDelta9,NA,NA,NA,NA,0,NA,NA,NA,0,NA,NA,NA,0,0,NA,NA
Gillig4n,1,2,3,7,0,2,3,7,0,2,3,7,0,0,3,7
PhysicianDre,NA,1,2,4,0,1,2,4,0,1,2,4,0,0,2,4
WadeK,NA,NA,NA,NA,0,NA,NA,NA,0,NA,NA,NA,0,0,NA,NA
Stolichnayaaa,NA,NA,NA,NA,0,NA,NA,NA,0,NA,NA,NA,0,0,NA,NA
Stolichnayaaa,NA,NA,NA,NA,0,NA,NA,NA,0,NA,NA,NA,0,0,NA,NA
FearDaNeard,NA,NA,NA,NA,0,NA,NA,NA,0,NA,NA,NA,0,0,NA,NA
FearDaNeard,NA,NA,3,7,0,NA,3,7,0,NA,3,7,0,0,3,7
GalaxyDelta9,NA,NA,NA,NA,0,NA,NA,NA,0,NA,NA,NA,0,0,NA,NA
GalaxyDelta9,NA,NA,NA,8,0,NA,NA,8,0,NA,NA,8,0,0,NA,8
GalaxyDelta9,NA,NA,NA,NA,0,NA,NA,NA,0,NA,NA,NA,0,0,NA,NA
WadeK,NA,NA,NA,NA,0,NA,NA,NA,0,NA,NA,NA,0,0,NA,NA
damnthatsfuckinggood,NA,NA,NA,10,0,NA,NA,10,0,NA,NA,10,0,0,NA,10
PhysicianDre,NA,1,1,3,0,1,1,3,0,1,1,3,0,0,1,3
GalaxyDelta9,NA,NA,NA,NA,0,NA,NA,NA,0,NA,NA,NA,0,0,NA,NA
Heliocentrist,1,2,3,1,0,2,3,1,0,2,3,1,0,0,3,1
Heliocentrist,1,1,3,4,0,1,3,4,0,1,3,4,0,0,3,4
Stolichnayaaa,NA,NA,7,12,0,NA,7,12,0,NA,7,12,0,0,7,12
Stolichnayaaa,NA,4,8,13,0,4,8,13,0,4,8,13,0,0,8,13
__worldpeace,NA,NA,NA,NA,0,NA,NA,NA,0,NA,NA,NA,0,0,NA,NA
Hcysntmf,NA,NA,5,9,0,NA,5,9,0,NA,5,9,0,0,5,9
Gillig4n,NA,NA,NA,12,0,NA,NA,12,0,NA,NA,12,0,0,NA,12
Stolichnayaaa,NA,NA,NA,NA,0,NA,NA,NA,0,NA,NA,NA,0,0,NA,NA
Zulucandle,NA,NA,NA,NA,0,NA,NA,NA,0,NA,NA,NA,0,0,NA,NA
Hcysntmf,NA,NA,NA,NA,0,NA,NA,NA,0,NA,NA,NA,0,0,NA,NA
Hcysntmf,NA,NA,NA,NA,0,NA,NA,NA,0,NA,NA,NA,0,0,NA,NA
Gillig4n,NA,NA,NA,NA,0,NA,NA,NA,0,NA,NA,NA,0,0,NA,NA
CannedBullet,NA,NA,NA,NA,0,NA,NA,NA,0,NA,NA,NA,0,0,NA,NA
WadeK,NA,NA,NA,11,0,NA,NA,11,0,NA,NA,11,0,0,NA,11
WadeK,NA,NA,NA,12,0,NA,NA,12,0,NA,NA,12,0,0,NA,12
Dexaan,1,2,2,4,0,2,2,4,0,2,2,4,0,0,2,4
Heliocentrist,NA,NA,NA,11,0,NA,NA,11,0,NA,NA,11,0,0,NA,11
Heliocentrist,NA,NA,NA,9,0,NA,NA,9,0,NA,NA,9,0,0,NA,9
150c_vapour,NA,NA,NA,NA,0,NA,NA,NA,0,NA,NA,NA,0,0,NA,NA
Heliocentrist,NA,NA,NA,NA,0,NA,NA,NA,0,NA,NA,NA,0,0,NA,NA
Heliocentrist,1,2,4,7,0,2,4,7,0,2,4,7,0,0,4,7
Zulucandle,NA,NA,NA,12,0,NA,NA,12,0,NA,NA,12,0,0,NA,12
Dexaan,NA,NA,NA,7,0,NA,NA,7,0,NA,NA,7,0,0,NA,7
PhysicianDre,NA,NA,NA,11,0,NA,NA,11,0,NA,NA,11,0,0,NA,11
WadeK,NA,NA,NA,NA,0,NA,NA,NA,0,NA,NA,NA,0,0,NA,NA
somekid66,NA,4,7,14,0,4,7,14,0,4,7,14,0,0,7,14
Dexaan,1,2,3,1,0,2,3,1,0,2,3,1,0,0,3,1
Dexaan,NA,NA,3,6,0,NA,3,6,0,NA,3,6,0,0,3,6
Zulucandle,NA,NA,9,16,0,NA,9,16,0,NA,9,16,0,0,9,16
Zulucandle,NA,NA,NA,NA,0,NA,NA,NA,0,NA,NA,NA,0,0,NA,NA
somekid66,NA,NA,NA,NA,0,NA,NA,NA,0,NA,NA,NA,0,0,NA,NA
somekid66,NA,NA,NA,11,0,NA,NA,11,0,NA,NA,11,0,0,NA,11
somekid66,NA,NA,NA,NA,0,NA,NA,NA,0,NA,NA,NA,0,0,NA,NA
Zulucandle,NA,NA,NA,14,0,NA,NA,14,0,NA,NA,14,0,0,NA,14
Zulucandle,NA,NA,NA,NA,0,NA,NA,NA,0,NA,NA,NA,0,0,NA,NA
Zulucandle,NA,NA,NA,NA,0,NA,NA,NA,0,NA,NA,NA,0,0,NA,NA
Asphyxiatinglaughter,NA,NA,NA,NA,0,NA,NA,NA,0,NA,NA,NA,0,0,NA,NA
Asphyxiatinglaughter,NA,NA,NA,NA,0,NA,NA,NA,0,NA,NA,NA,0,0,NA,NA
Dexaan,NA,NA,NA,NA,0,NA,NA,NA,0,NA,NA,NA,0,0,NA,NA
Dexaan,NA,NA,NA,NA,0,NA,NA,NA,0,NA,NA,NA,0,0,NA,NA
RedneckAvengers,NA,NA,NA,NA,0,NA,NA,NA,0,NA,NA,NA,0,0,NA,NA
Dexaan,NA,3,1,1,0,3,1,1,0,3,1,1,0,0,1,1
JacksonGuitarguy,1,1,2,2,0,1,2,2,0,1,2,2,0,0,2,2
CannedBullet,1,1,2,3,0,1,2,3,0,1,2,3,0,0,2,3
CannedBullet,1,1,1,3,0,1,1,3,0,1,1,3,0,0,1,3
Asphyxiatinglaughter,NA,NA,NA,NA,0,NA,NA,NA,0,NA,NA,NA,0,0,NA,NA
PhysicianDre,NA,2,6,11,0,2,6,11,0,2,6,11,0,0,6,11
Zulucandle,NA,NA,NA,NA,0,NA,NA,NA,0,NA,NA,NA,0,0,NA,NA
Zulucandle,NA,NA,NA,NA,0,NA,NA,NA,0,NA,NA,NA,0,0,NA,NA
JacksonGuitarguy,1,2,5,11,0,2,5,11,0,2,5,11,0,0,5,11
RonaId_Trump,NA,NA,NA,NA,0,NA,NA,NA,0,NA,NA,NA,0,0,NA,NA
shitpost12,NA,NA,NA,NA,0,NA,NA,NA,0,NA,NA,NA,0,0,NA,NA
shitpost12,NA,NA,NA,NA,0,NA,NA,NA,0,NA,NA,NA,0,0,NA,NA
RonaId_Trump,NA,NA,8,3,0,NA,8,3,0,NA,8,3,0,0,8,3
JacksonGuitarguy,NA,NA,NA,NA,0,NA,NA,NA,0,NA,NA,NA,0,0,NA,NA
JacksonGuitarguy,NA,NA,6,10,0,NA,6,10,0,NA,6,10,0,0,6,10
JacksonGuitarguy,NA,3,3,7,0,3,3,7,0,3,3,7,0,0,3,7
RonaId_Trump,NA,NA,NA,12,0,NA,NA,12,0,NA,NA,12,0,0,NA,12
RonaId_Trump,NA,NA,6,4,0,NA,6,4,0,NA,6,4,0,0,6,4
Gillig4n,NA,NA,3,7,0,NA,3,7,0,NA,3,7,0,0,3,7
Gillig4n,NA,NA,NA,NA,0,NA,NA,NA,0,NA,NA,NA,0,0,NA,NA
shitpost12,NA,NA,NA,NA,0,NA,NA,NA,0,NA,NA,NA,0,0,NA,NA
Heliocentrist,NA,NA,NA,NA,0,NA,NA,NA,0,NA,NA,NA,0,0,NA,NA
PhysicianDre,NA,NA,6,2,0,NA,6,2,0,NA,6,2,0,0,6,2
Hcysntmf,NA,NA,NA,NA,0,NA,NA,NA,0,NA,NA,NA,0,0,NA,NA
WadeK,NA,NA,NA,12,0,NA,NA,12,0,NA,NA,12,0,0,NA,12
Heliocentrist,NA,NA,NA,NA,0,NA,NA,NA,0,NA,NA,NA,0,0,NA,NA
Heliocentrist,NA,NA,NA,NA,0,NA,NA,NA,0,NA,NA,NA,0,0,NA,NA
Hcysntmf,NA,NA,NA,NA,0,NA,NA,NA,0,NA,NA,NA,0,0,NA,NA
Beebeeb,NA,NA,NA,NA,0,NA,NA,NA,0,NA,NA,NA,0,0,NA,NA
Beebeeb,NA,NA,NA,6,0,NA,NA,6,0,NA,NA,6,0,0,NA,6
PhysicianDre,NA,NA,NA,NA,0,NA,NA,NA,0,NA,NA,NA,0,0,NA,NA
Heliocentrist,NA,NA,1,1,0,NA,1,1,0,NA,1,1,0,0,1,1
Heliocentrist,NA,3,1,2,0,3,1,2,0,3,1,2,0,0,1,2
Heliocentrist,NA,NA,NA,NA,0,NA,NA,NA,0,NA,NA,NA,0,0,NA,NA
JacksonGuitarguy,NA,3,6,2,0,3,6,2,0,3,6,2,0,0,6,2
componentfield,NA,NA,NA,NA,0,NA,NA,NA,0,NA,NA,NA,0,0,NA,NA
WadeK,NA,NA,8,4,0,NA,8,4,0,NA,8,4,0,0,8,4
Tnargkiller,NA,NA,NA,NA,0,NA,NA,NA,0,NA,NA,NA,0,0,NA,NA
Heliocentrist,NA,NA,NA,NA,0,NA,NA,NA,0,NA,NA,NA,0,0,NA,NA
Tnargkiller,NA,NA,NA,14,0,NA,NA,14,0,NA,NA,14,0,0,NA,14
Heliocentrist,NA,NA,NA,NA,0,NA,NA,NA,0,NA,NA,NA,0,0,NA,NA
Heliocentrist,NA,NA,4,10,0,NA,4,10,0,NA,4,10,0,0,4,10
Heliocentrist,NA,NA,NA,NA,0,NA,NA,NA,0,NA,NA,NA,0,0,NA,NA
Dexaan,1,1,1,1,0,1,1,1,0,1,1,1,0,0,1,1
rhackleford,NA,NA,NA,NA,0,NA,NA,NA,0,NA,NA,NA,0,0,NA,NA
Dexaan,NA,2,4,3,0,2,4,3,0,2,4,3,0,0,4,3
PhysicianDre,NA,NA,8,4,0,NA,8,4,0,NA,8,4,0,0,8,4
Stolichnayaaa,NA,NA,NA,NA,0,NA,NA,NA,0,NA,NA,NA,0,0,NA,NA
RonaId_Trump,NA,NA,8,14,0,NA,8,14,0,NA,8,14,0,0,8,14
RonaId_Trump,2,5,7,10,0,5,7,10,0,5,7,10,0,0,7,10
Stolichnayaaa,NA,NA,NA,NA,0,NA,NA,NA,0,NA,NA,NA,0,0,NA,NA
RonaId_Trump,NA,NA,NA,NA,0,NA,NA,NA,0,NA,NA,NA,0,0,NA,NA
RonaId_Trump,NA,NA,NA,NA,0,NA,NA,NA,0,NA,NA,NA,0,0,NA,NA
shitpost12,NA,NA,NA,NA,0,NA,NA,NA,0,NA,NA,NA,0,0,NA,NA
damnthatsfuckinggood,NA,NA,NA,7,0,NA,NA,7,0,NA,NA,7,0,0,NA,7
RonaId_Trump,NA,NA,NA,15,0,NA,NA,15,0,NA,NA,15,0,0,NA,15
RonaId_Trump,NA,NA,NA,NA,0,NA,NA,NA,0,NA,NA,NA,0,0,NA,NA
RonaId_Trump,2,3,7,2,0,3,7,2,0,3,7,2,0,0,7,2
RonaId_Trump,NA,NA,NA,NA,0,NA,NA,NA,0,NA,NA,NA,0,0,NA,NA
RonaId_Trump,NA,NA,NA,NA,0,NA,NA,NA,0,NA,NA,NA,0,0,NA,NA
Heliocentrist,NA,2,1,1,0,2,1,1,0,2,1,1,0,0,1,1
FearLeadsToAnger,NA,NA,NA,8,0,NA,NA,8,0,NA,NA,8,0,0,NA,8
woodukindly_bruh,NA,NA,9,14,0,NA,9,14,0,NA,9,14,0,0,9,14
WadeK,NA,NA,1,1,0,NA,1,1,0,NA,1,1,0,0,1,1
WadeK,NA,NA,NA,NA,0,NA,NA,NA,0,NA,NA,NA,0,0,NA,NA
FearLeadsToAnger,NA,NA,NA,NA,0,NA,NA,NA,0,NA,NA,NA,0,0,NA,NA
WadeK,NA,NA,NA,NA,0,NA,NA,NA,0,NA,NA,NA,0,0,NA,NA
PhysicianDre,NA,NA,NA,4,0,NA,NA,4,0,NA,NA,4,0,0,NA,4
Dexaan,NA,2,1,1,0,2,1,1,0,2,1,1,0,0,1,1
FromAPorcelainThrone,NA,NA,NA,NA,0,NA,NA,NA,0,NA,NA,NA,0,0,NA,NA
Dexaan,NA,1,1,2,0,1,1,2,0,1,1,2,0,0,1,2
Dexaan,NA,NA,NA,2,0,NA,NA,2,0,NA,NA,2,0,0,NA,2
PhysicianDre,NA,NA,6,1,0,NA,6,1,0,NA,6,1,0,0,6,1
shadeslayer0930,NA,NA,NA,NA,0,NA,NA,NA,0,NA,NA,NA,0,0,NA,NA
FearLeadsToAnger,NA,1,5,8,0,1,5,8,0,1,5,8,0,0,5,8
kodefuguru,NA,NA,NA,3,0,NA,NA,3,0,NA,NA,3,0,0,NA,3
RedneckAvengers,NA,NA,NA,NA,0,NA,NA,NA,0,NA,NA,NA,0,0,NA,NA
PhysicianDre,NA,NA,6,11,0,NA,6,11,0,NA,6,11,0,0,6,11
PhysicianDre,NA,NA,NA,NA,0,NA,NA,NA,0,NA,NA,NA,0,0,NA,NA
JimmyHoffa1,NA,NA,NA,NA,0,NA,NA,NA,0,NA,NA,NA,0,0,NA,NA
JimmyHoffa1,NA,NA,NA,NA,0,NA,NA,NA,0,NA,NA,NA,0,0,NA,NA
JimmyHoffa1,NA,NA,NA,NA,0,NA,NA,NA,0,NA,NA,NA,0,0,NA,NA
rhackleford,NA,NA,6,13,0,NA,6,13,0,NA,6,13,0,0,6,13
Dexaan,NA,1,3,2,0,1,3,2,0,1,3,2,0,0,3,2
InVultusSolis,NA,NA,NA,8,0,NA,NA,8,0,NA,NA,8,0,0,NA,8
InVultusSolis,NA,4,7,9,0,4,7,9,0,4,7,9,0,0,7,9
InVultusSolis,NA,NA,NA,8,0,NA,NA,8,0,NA,NA,8,0,0,NA,8
InVultusSolis,NA,NA,NA,11,0,NA,NA,11,0,NA,NA,11,0,0,NA,11
InVultusSolis,NA,NA,7,10,0,NA,7,10,0,NA,7,10,0,0,7,10
InVultusSolis,NA,NA,NA,NA,0,NA,NA,NA,0,NA,NA,NA,0,0,NA,NA
Heliocentrist,NA,NA,NA,NA,0,NA,NA,NA,0,NA,NA,NA,0,0,NA,NA
Dexaan,NA,NA,2,1,0,NA,2,1,0,NA,2,1,0,0,2,1
InVultusSolis,2,3,5,6,0,3,5,6,0,3,5,6,0,0,5,6
InVultusSolis,NA,NA,NA,NA,0,NA,NA,NA,0,NA,NA,NA,0,0,NA,NA
Tnargkiller,NA,5,8,15,0,5,8,15,0,5,8,15,0,0,8,15
Beebeeb,NA,NA,NA,6,0,NA,NA,6,0,NA,NA,6,0,0,NA,6
woodukindly_bruh,NA,NA,NA,NA,0,NA,NA,NA,0,NA,NA,NA,0,0,NA,NA
woodukindly_bruh,NA,NA,NA,13,0,NA,NA,13,0,NA,NA,13,0,0,NA,13
InVultusSolis,NA,NA,NA,7,0,NA,NA,7,0,NA,NA,7,0,0,NA,7
InVultusSolis,NA,2,2,8,0,2,2,8,0,2,2,8,0,0,2,8
Zulucandle,NA,NA,NA,NA,0,NA,NA,NA,0,NA,NA,NA,0,0,NA,NA
InVultusSolis,NA,3,7,1,0,3,7,1,0,3,7,1,0,0,7,1
Heliocentrist,1,1,2,4,0,1,2,4,0,1,2,4,0,0,2,4
Dexaan,NA,NA,NA,1,0,NA,NA,1,0,NA,NA,1,0,0,NA,1
Tnargkiller,NA,NA,9,15,0,NA,9,15,0,NA,9,15,0,0,9,15
RonaId_Trump,NA,NA,6,5,0,NA,6,5,0,NA,6,5,0,0,6,5
WadeK,NA,NA,NA,NA,0,NA,NA,NA,0,NA,NA,NA,0,0,NA,NA
__worldpeace,NA,NA,NA,NA,0,NA,NA,NA,0,NA,NA,NA,0,0,NA,NA
WadeK,NA,NA,NA,NA,0,NA,NA,NA,0,NA,NA,NA,0,0,NA,NA
WadeK,1,4,7,13,0,4,7,13,0,4,7,13,0,0,7,13
Dexaan,NA,NA,NA,6,0,NA,NA,6,0,NA,NA,6,0,0,NA,6
RonaId_Trump,NA,NA,NA,15,0,NA,NA,15,0,NA,NA,15,0,0,NA,15
JimmyHoffa1,NA,NA,NA,NA,0,NA,NA,NA,0,NA,NA,NA,0,0,NA,NA
JimmyHoffa1,NA,NA,NA,NA,0,NA,NA,NA,0,NA,NA,NA,0,0,NA,NA
JimmyHoffa1,NA,NA,NA,NA,0,NA,NA,NA,0,NA,NA,NA,0,0,NA,NA
JimmyHoffa1,NA,NA,NA,NA,0,NA,NA,NA,0,NA,NA,NA,0,0,NA,NA
__worldpeace,NA,NA,NA,NA,0,NA,NA,NA,0,NA,NA,NA,0,0,NA,NA
Heliocentrist,NA,NA,5,1,0,NA,5,1,0,NA,5,1,0,0,5,1
ParentPostLacksWang,NA,NA,NA,NA,0,NA,NA,NA,0,NA,NA,NA,0,0,NA,NA
kodefuguru,NA,NA,NA,2,0,NA,NA,2,0,NA,NA,2,0,0,NA,2
rhackleford,NA,NA,NA,NA,0,NA,NA,NA,0,NA,NA,NA,0,0,NA,NA
ParentPostLacksWang,NA,NA,NA,NA,0,NA,NA,NA,0,NA,NA,NA,0,0,NA,NA
CannedBullet,NA,NA,2,8,0,NA,2,8,0,NA,2,8,0,0,2,8
kodefuguru,1,2,1,2,0,2,1,2,0,2,1,2,0,0,1,2
JacksonGuitarguy,NA,NA,NA,NA,0,NA,NA,NA,0,NA,NA,NA,0,0,NA,NA
JacksonGuitarguy,NA,NA,NA,NA,0,NA,NA,NA,0,NA,NA,NA,0,0,NA,NA
JacksonGuitarguy,NA,NA,NA,NA,0,NA,NA,NA,0,NA,NA,NA,0,0,NA,NA
JacksonGuitarguy,NA,NA,NA,5,0,NA,NA,5,0,NA,NA,5,0,0,NA,5
crazyike,1,3,4,5,0,3,4,5,0,3,4,5,0,0,4,5
JacksonGuitarguy,NA,NA,NA,NA,0,NA,NA,NA,0,NA,NA,NA,0,0,NA,NA
Gillig4n,NA,NA,NA,6,0,NA,NA,6,0,NA,NA,6,0,0,NA,6
FearLeadsToAnger,NA,NA,NA,9,0,NA,NA,9,0,NA,NA,9,0,0,NA,9
cunninglinguist81,NA,NA,NA,NA,0,NA,NA,NA,0,NA,NA,NA,0,0,NA,NA
Stolichnayaaa,NA,NA,6,11,0,NA,6,11,0,NA,6,11,0,0,6,11
InVultusSolis,NA,NA,NA,NA,0,NA,NA,NA,0,NA,NA,NA,0,0,NA,NA
headfullofmangos,NA,NA,NA,NA,0,NA,NA,NA,0,NA,NA,NA,0,0,NA,NA
Dexaan,1,1,1,1,0,1,1,1,0,1,1,1,0,0,1,1
headfullofmangos,NA,NA,NA,NA,0,NA,NA,NA,0,NA,NA,NA,0,0,NA,NA
Dexaan,1,1,2,7,0,1,2,7,0,1,2,7,0,0,2,7
Dexaan,NA,NA,NA,NA,0,NA,NA,NA,0,NA,NA,NA,0,0,NA,NA
Dexaan,1,1,3,6,0,1,3,6,0,1,3,6,0,0,3,6
JacksonGuitarguy,2,1,1,1,0,1,1,1,0,1,1,1,0,0,1,1
Dexaan,NA,NA,2,2,0,NA,2,2,0,NA,2,2,0,0,2,2
Tnargkiller,NA,NA,NA,NA,0,NA,NA,NA,0,NA,NA,NA,0,0,NA,NA
Dexaan,NA,2,3,1,0,2,3,1,0,2,3,1,0,0,3,1
Gillig4n,NA,NA,NA,NA,0,NA,NA,NA,0,NA,NA,NA,0,0,NA,NA
InVultusSolis,NA,NA,NA,11,0,NA,NA,11,0,NA,NA,11,0,0,NA,11
InVultusSolis,NA,NA,NA,NA,0,NA,NA,NA,0,NA,NA,NA,0,0,NA,NA
Gillig4n,NA,NA,NA,9,0,NA,NA,9,0,NA,NA,9,0,0,NA,9
Dexaan,1,2,6,3,0,2,6,3,0,2,6,3,0,0,6,3
somekid66,NA,NA,NA,NA,0,NA,NA,NA,0,NA,NA,NA,0,0,NA,NA
JacksonGuitarguy,NA,NA,5,8,0,NA,5,8,0,NA,5,8,0,0,5,8
woodukindly_bruh,NA,5,9,2,0,5,9,2,0,5,9,2,0,0,9,2
woodukindly_bruh,NA,NA,NA,NA,0,NA,NA,NA,0,NA,NA,NA,0,0,NA,NA
xENO_,NA,NA,NA,NA,0,NA,NA,NA,0,NA,NA,NA,0,0,NA,NA
Dexaan,NA,NA,NA,9,0,NA,NA,9,0,NA,NA,9,0,0,NA,9
Dexaan,NA,NA,NA,NA,0,NA,NA,NA,0,NA,NA,NA,0,0,NA,NA
InVultusSolis,NA,NA,NA,2,0,NA,NA,2,0,NA,NA,2,0,0,NA,2
JacksonGuitarguy,NA,NA,3,1,0,NA,3,1,0,NA,3,1,0,0,3,1
Heliocentrist,NA,NA,6,1,0,NA,6,1,0,NA,6,1,0,0,6,1
xENO_,NA,NA,NA,NA,0,NA,NA,NA,0,NA,NA,NA,0,0,NA,NA
damnthatsfuckinggood,NA,NA,NA,NA,0,NA,NA,NA,0,NA,NA,NA,0,0,NA,NA
damnthatsfuckinggood,NA,NA,NA,NA,0,NA,NA,NA,0,NA,NA,NA,0,0,NA,NA
CannedBullet,NA,NA,NA,NA,0,NA,NA,NA,0,NA,NA,NA,0,0,NA,NA
Afasso,NA,NA,NA,NA,0,NA,NA,NA,0,NA,NA,NA,0,0,NA,NA
dokkou,NA,NA,NA,NA,0,NA,NA,NA,0,NA,NA,NA,0,0,NA,NA
dokkou,NA,NA,NA,NA,0,NA,NA,NA,0,NA,NA,NA,0,0,NA,NA
kodefuguru,1,2,6,2,0,2,6,2,0,2,6,2,0,0,6,2
Heliocentrist,1,3,6,2,0,3,6,2,0,3,6,2,0,0,6,2
kodefuguru,NA,3,6,10,0,3,6,10,0,3,6,10,0,0,6,10
JacksonGuitarguy,NA,NA,NA,NA,0,NA,NA,NA,0,NA,NA,NA,0,0,NA,NA
JacksonGuitarguy,NA,3,2,5,0,3,2,5,0,3,2,5,0,0,2,5
Dexaan,NA,NA,4,8,0,NA,4,8,0,NA,4,8,0,0,4,8
Dexaan,NA,NA,NA,9,0,NA,NA,9,0,NA,NA,9,0,0,NA,9
__worldpeace,NA,NA,NA,NA,0,NA,NA,NA,0,NA,NA,NA,0,0,NA,NA
InVultusSolis,NA,NA,4,4,0,NA,4,4,0,NA,4,4,0,0,4,4
PhysicianDre,NA,NA,NA,1,0,NA,NA,1,0,NA,NA,1,0,0,NA,1
headfullofmangos,NA,NA,NA,NA,0,NA,NA,NA,0,NA,NA,NA,0,0,NA,NA
Dexaan,NA,NA,NA,NA,0,NA,NA,NA,0,NA,NA,NA,0,0,NA,NA
PhysicianDre,NA,NA,6,13,0,NA,6,13,0,NA,6,13,0,0,6,13
Tnargkiller,NA,NA,NA,NA,0,NA,NA,NA,0,NA,NA,NA,0,0,NA,NA
Hcysntmf,NA,NA,NA,NA,0,NA,NA,NA,0,NA,NA,NA,0,0,NA,NA
JacksonGuitarguy,NA,NA,NA,8,0,NA,NA,8,0,NA,NA,8,0,0,NA,8
woodukindly_bruh,NA,NA,8,14,0,NA,8,14,0,NA,8,14,0,0,8,14
woodukindly_bruh,NA,NA,NA,15,0,NA,NA,15,0,NA,NA,15,0,0,NA,15
Heliocentrist,NA,NA,NA,2,0,NA,NA,2,0,NA,NA,2,0,0,NA,2
PhysicianDre,NA,NA,NA,1,0,NA,NA,1,0,NA,NA,1,0,0,NA,1
Heliocentrist,NA,3,5,3,0,3,5,3,0,3,5,3,0,0,5,3
Heliocentrist,1,1,1,1,0,1,1,1,0,1,1,1,0,0,1,1
Heliocentrist,NA,NA,NA,NA,0,NA,NA,NA,0,NA,NA,NA,0,0,NA,NA
Heliocentrist,NA,NA,NA,10,0,NA,NA,10,0,NA,NA,10,0,0,NA,10
PhysicianDre,NA,NA,NA,NA,0,NA,NA,NA,0,NA,NA,NA,0,0,NA,NA
kodefuguru,NA,NA,NA,11,0,NA,NA,11,0,NA,NA,11,0,0,NA,11
RonaId_Trump,NA,NA,NA,14,0,NA,NA,14,0,NA,NA,14,0,0,NA,14
RonaId_Trump,NA,NA,2,4,0,NA,2,4,0,NA,2,4,0,0,2,4
RonaId_Trump,NA,NA,NA,NA,0,NA,NA,NA,0,NA,NA,NA,0,0,NA,NA
RonaId_Trump,NA,NA,NA,NA,0,NA,NA,NA,0,NA,NA,NA,0,0,NA,NA
CannedBullet,NA,NA,NA,NA,0,NA,NA,NA,0,NA,NA,NA,0,0,NA,NA
RonaId_Trump,NA,5,2,2,0,5,2,2,0,5,2,2,0,0,2,2
RonaId_Trump,NA,NA,NA,NA,0,NA,NA,NA,0,NA,NA,NA,0,0,NA,NA
PhysicianDre,NA,NA,NA,13,0,NA,NA,13,0,NA,NA,13,0,0,NA,13
PhysicianDre,NA,NA,NA,9,0,NA,NA,9,0,NA,NA,9,0,0,NA,9
RonaId_Trump,NA,NA,8,5,0,NA,8,5,0,NA,8,5,0,0,8,5
PhysicianDre,NA,NA,NA,9,0,NA,NA,9,0,NA,NA,9,0,0,NA,9
RonaId_Trump,NA,4,1,1,0,4,1,1,0,4,1,1,0,0,1,1
JacksonGuitarguy,NA,NA,6,1,0,NA,6,1,0,NA,6,1,0,0,6,1
RonaId_Trump,2,4,5,4,0,4,5,4,0,4,5,4,0,0,5,4
JacksonGuitarguy,NA,NA,NA,NA,0,NA,NA,NA,0,NA,NA,NA,0,0,NA,NA
FearDaNeard,NA,NA,NA,NA,0,NA,NA,NA,0,NA,NA,NA,0,0,NA,NA
RonaId_Trump,NA,NA,NA,3,0,NA,NA,3,0,NA,NA,3,0,0,NA,3
kodefuguru,NA,NA,NA,11,0,NA,NA,11,0,NA,NA,11,0,0,NA,11
kodefuguru,NA,NA,NA,NA,0,NA,NA,NA,0,NA,NA,NA,0,0,NA,NA
kodefuguru,NA,NA,6,9,0,NA,6,9,0,NA,6,9,0,0,6,9
damnthatsfuckinggood,NA,NA,NA,5,0,NA,NA,5,0,NA,NA,5,0,0,NA,5
ParentPostLacksWang,NA,NA,NA,NA,0,NA,NA,NA,0,NA,NA,NA,0,0,NA,NA
ParentPostLacksWang,NA,NA,NA,NA,0,NA,NA,NA,0,NA,NA,NA,0,0,NA,NA
FearLeadsToAnger,NA,NA,NA,NA,0,NA,NA,NA,0,NA,NA,NA,0,0,NA,NA
Beebeeb,NA,NA,NA,5,0,NA,NA,5,0,NA,NA,5,0,0,NA,5
xENO_,NA,NA,NA,NA,0,NA,NA,NA,0,NA,NA,NA,0,0,NA,NA
Gillig4n,NA,NA,NA,NA,0,NA,NA,NA,0,NA,NA,NA,0,0,NA,NA
bigbeardthesecond,NA,NA,NA,NA,0,NA,NA,NA,0,NA,NA,NA,0,0,NA,NA
damnthatsfuckinggood,NA,NA,NA,7,0,NA,NA,7,0,NA,NA,7,0,0,NA,7
woodukindly_bruh,NA,NA,NA,NA,0,NA,NA,NA,0,NA,NA,NA,0,0,NA,NA
damnthatsfuckinggood,NA,NA,NA,NA,0,NA,NA,NA,0,NA,NA,NA,0,0,NA,NA
damnthatsfuckinggood,NA,NA,NA,NA,0,NA,NA,NA,0,NA,NA,NA,0,0,NA,NA
Heliocentrist,NA,NA,NA,NA,0,NA,NA,NA,0,NA,NA,NA,0,0,NA,NA
BigBrownDownTown,NA,NA,NA,NA,0,NA,NA,NA,0,NA,NA,NA,0,0,NA,NA
BigBrownDownTown,NA,NA,NA,NA,0,NA,NA,NA,0,NA,NA,NA,0,0,NA,NA
Heliocentrist,NA,NA,NA,NA,0,NA,NA,NA,0,NA,NA,NA,0,0,NA,NA
damnthatsfuckinggood,NA,NA,NA,4,0,NA,NA,4,0,NA,NA,4,0,0,NA,4
FromAPorcelainThrone,NA,NA,NA,NA,0,NA,NA,NA,0,NA,NA,NA,0,0,NA,NA
kodefuguru,NA,NA,NA,7,0,NA,NA,7,0,NA,NA,7,0,0,NA,7
kodefuguru,NA,NA,NA,11,0,NA,NA,11,0,NA,NA,11,0,0,NA,11
damnthatsfuckinggood,NA,NA,NA,NA,0,NA,NA,NA,0,NA,NA,NA,0,0,NA,NA
FearLeadsToAnger,NA,NA,NA,NA,0,NA,NA,NA,0,NA,NA,NA,0,0,NA,NA
__worldpeace,NA,NA,NA,NA,0,NA,NA,NA,0,NA,NA,NA,0,0,NA,NA
Dexaan,NA,2,3,8,0,2,3,8,0,2,3,8,0,0,3,8
Beebeeb,NA,NA,NA,NA,0,NA,NA,NA,0,NA,NA,NA,0,0,NA,NA
Beebeeb,NA,2,1,2,0,2,1,2,0,2,1,2,0,0,1,2
woodukindly_bruh,NA,NA,NA,13,0,NA,NA,13,0,NA,NA,13,0,0,NA,13
Beebeeb,NA,NA,2,6,0,NA,2,6,0,NA,2,6,0,0,2,6
Beebeeb,NA,NA,NA,NA,0,NA,NA,NA,0,NA,NA,NA,0,0,NA,NA
headfullofmangos,NA,NA,NA,NA,0,NA,NA,NA,0,NA,NA,NA,0,0,NA,NA
headfullofmangos,NA,NA,NA,NA,0,NA,NA,NA,0,NA,NA,NA,0,0,NA,NA
Beebeeb,NA,NA,NA,3,0,NA,NA,3,0,NA,NA,3,0,0,NA,3
Beebeeb,NA,NA,NA,NA,0,NA,NA,NA,0,NA,NA,NA,0,0,NA,NA
somekid66,NA,NA,NA,NA,0,NA,NA,NA,0,NA,NA,NA,0,0,NA,NA
Dexaan,NA,NA,NA,8,0,NA,NA,8,0,NA,NA,8,0,0,NA,8
Dexaan,NA,2,1,2,0,2,1,2,0,2,1,2,0,0,1,2
__worldpeace,NA,NA,NA,NA,0,NA,NA,NA,0,NA,NA,NA,0,0,NA,NA
IHeartmyshihtzu,NA,NA,NA,NA,0,NA,NA,NA,0,NA,NA,NA,0,0,NA,NA
kodefuguru,NA,3,6,3,0,3,6,3,0,3,6,3,0,0,6,3
__worldpeace,NA,NA,NA,NA,0,NA,NA,NA,0,NA,NA,NA,0,0,NA,NA
Tnargkiller,NA,NA,NA,14,0,NA,NA,14,0,NA,NA,14,0,0,NA,14
woodukindly_bruh,NA,NA,NA,3,0,NA,NA,3,0,NA,NA,3,0,0,NA,3
Dexaan,NA,3,4,9,0,3,4,9,0,3,4,9,0,0,4,9
woodukindly_bruh,NA,NA,NA,14,0,NA,NA,14,0,NA,NA,14,0,0,NA,14
RonaId_Trump,NA,NA,NA,NA,0,NA,NA,NA,0,NA,NA,NA,0,0,NA,NA
woodukindly_bruh,NA,NA,7,3,0,NA,7,3,0,NA,7,3,0,0,7,3
Dexaan,NA,1,1,1,0,1,1,1,0,1,1,1,0,0,1,1
PhysicianDre,1,4,7,3,0,4,7,3,0,4,7,3,0,0,7,3
WadeK,NA,4,7,13,0,4,7,13,0,4,7,13,0,0,7,13
woodukindly_bruh,NA,4,8,16,0,4,8,16,0,4,8,16,0,0,8,16
PhysicianDre,NA,NA,6,2,0,NA,6,2,0,NA,6,2,0,0,6,2
PhysicianDre,NA,NA,7,11,0,NA,7,11,0,NA,7,11,0,0,7,11
PhysicianDre,2,4,7,13,0,4,7,13,0,4,7,13,0,0,7,13
PhysicianDre,1,1,2,1,0,1,2,1,0,1,2,1,0,0,2,1
Dexaan,2,1,2,2,0,1,2,2,0,1,2,2,0,0,2,2
ShouldBeAnUpvoteGif,NA,NA,NA,NA,0,NA,NA,NA,0,NA,NA,NA,0,0,NA,NA
Dexaan,NA,1,1,1,0,1,1,1,0,1,1,1,0,0,1,1
Dexaan,NA,2,1,1,0,2,1,1,0,2,1,1,0,0,1,1
PhysicianDre,NA,NA,NA,2,0,NA,NA,2,0,NA,NA,2,0,0,NA,2
PhysicianDre,NA,NA,NA,NA,0,NA,NA,NA,0,NA,NA,NA,0,0,NA,NA
PhysicianDre,NA,NA,NA,NA,0,NA,NA,NA,0,NA,NA,NA,0,0,NA,NA
PhysicianDre,1,4,6,11,0,4,6,11,0,4,6,11,0,0,6,11
Dexaan,NA,NA,NA,6,0,NA,NA,6,0,NA,NA,6,0,0,NA,6
__worldpeace,NA,NA,NA,NA,0,NA,NA,NA,0,NA,NA,NA,0,0,NA,NA
FromAPorcelainThrone,NA,NA,NA,NA,0,NA,NA,NA,0,NA,NA,NA,0,0,NA,NA
Beebeeb,NA,NA,NA,NA,0,NA,NA,NA,0,NA,NA,NA,0,0,NA,NA
RonaId_Trump,NA,NA,NA,3,0,NA,NA,3,0,NA,NA,3,0,0,NA,3
RonaId_Trump,NA,NA,NA,NA,0,NA,NA,NA,0,NA,NA,NA,0,0,NA,NA
RonaId_Trump,NA,NA,NA,NA,0,NA,NA,NA,0,NA,NA,NA,0,0,NA,NA
RonaId_Trump,NA,NA,NA,12,0,NA,NA,12,0,NA,NA,12,0,0,NA,12
RonaId_Trump,NA,4,8,4,0,4,8,4,0,4,8,4,0,0,8,4
JacksonGuitarguy,NA,NA,4,2,0,NA,4,2,0,NA,4,2,0,0,4,2
Beebeeb,NA,NA,NA,NA,0,NA,NA,NA,0,NA,NA,NA,0,0,NA,NA
Afasso,NA,NA,NA,NA,0,NA,NA,NA,0,NA,NA,NA,0,0,NA,NA
cunninglinguist81,NA,NA,NA,NA,0,NA,NA,NA,0,NA,NA,NA,0,0,NA,NA
cunninglinguist81,NA,NA,NA,NA,0,NA,NA,NA,0,NA,NA,NA,0,0,NA,NA
kodefuguru,NA,NA,NA,NA,0,NA,NA,NA,0,NA,NA,NA,0,0,NA,NA
woodukindly_bruh,NA,NA,NA,NA,0,NA,NA,NA,0,NA,NA,NA,0,0,NA,NA
FromAPorcelainThrone,NA,NA,NA,NA,0,NA,NA,NA,0,NA,NA,NA,0,0,NA,NA
kodefuguru,NA,NA,NA,NA,0,NA,NA,NA,0,NA,NA,NA,0,0,NA,NA
FromAPorcelainThrone,NA,NA,6,11,0,NA,6,11,0,NA,6,11,0,0,6,11
FromAPorcelainThrone,NA,NA,NA,NA,0,NA,NA,NA,0,NA,NA,NA,0,0,NA,NA
Dexaan,NA,NA,NA,5,0,NA,NA,5,0,NA,NA,5,0,0,NA,5
Tnargkiller,NA,NA,NA,NA,0,NA,NA,NA,0,NA,NA,NA,0,0,NA,NA
PhysicianDre,NA,NA,NA,13,0,NA,NA,13,0,NA,NA,13,0,0,NA,13
InVultusSolis,NA,NA,NA,NA,0,NA,NA,NA,0,NA,NA,NA,0,0,NA,NA
InVultusSolis,NA,NA,NA,11,0,NA,NA,11,0,NA,NA,11,0,0,NA,11
rhackleford,NA,NA,NA,NA,0,NA,NA,NA,0,NA,NA,NA,0,0,NA,NA
InVultusSolis,NA,NA,NA,NA,0,NA,NA,NA,0,NA,NA,NA,0,0,NA,NA
InVultusSolis,NA,2,1,3,0,2,1,3,0,2,1,3,0,0,1,3
InVultusSolis,NA,NA,NA,NA,0,NA,NA,NA,0,NA,NA,NA,0,0,NA,NA
InVultusSolis,NA,NA,NA,NA,0,NA,NA,NA,0,NA,NA,NA,0,0,NA,NA
woodukindly_bruh,2,5,2,2,0,5,2,2,0,5,2,2,0,0,2,2
woodukindly_bruh,NA,5,7,13,0,5,7,13,0,5,7,13,0,0,7,13
150c_vapour,1,2,2,1,0,2,2,1,0,2,2,1,0,0,2,1
Dexaan,NA,NA,3,2,0,NA,3,2,0,NA,3,2,0,0,3,2
Dexaan,NA,NA,6,9,0,NA,6,9,0,NA,6,9,0,0,6,9
kodefuguru,NA,NA,4,5,0,NA,4,5,0,NA,4,5,0,0,4,5
RonaId_Trump,1,3,5,13,0,3,5,13,0,3,5,13,0,0,5,13
j_strange888,NA,NA,NA,NA,0,NA,NA,NA,0,NA,NA,NA,0,0,NA,NA
kodefuguru,NA,NA,NA,NA,0,NA,NA,NA,0,NA,NA,NA,0,0,NA,NA
FromAPorcelainThrone,NA,NA,NA,NA,0,NA,NA,NA,0,NA,NA,NA,0,0,NA,NA
Dexaan,NA,NA,1,2,0,NA,1,2,0,NA,1,2,0,0,1,2
Dexaan,NA,NA,NA,10,0,NA,NA,10,0,NA,NA,10,0,0,NA,10
Dexaan,NA,1,1,1,0,1,1,1,0,1,1,1,0,0,1,1
Dexaan,NA,NA,2,7,0,NA,2,7,0,NA,2,7,0,0,2,7
kodefuguru,NA,1,1,3,0,1,1,3,0,1,1,3,0,0,1,3
woodukindly_bruh,NA,NA,NA,7,0,NA,NA,7,0,NA,NA,7,0,0,NA,7
InVultusSolis,NA,NA,NA,NA,0,NA,NA,NA,0,NA,NA,NA,0,0,NA,NA
RonaId_Trump,2,2,2,3,0,2,2,3,0,2,2,3,0,0,2,3
Dexaan,NA,NA,NA,2,0,NA,NA,2,0,NA,NA,2,0,0,NA,2
PhysicianDre,1,1,1,1,0,1,1,1,0,1,1,1,0,0,1,1
rhackleford,NA,NA,NA,NA,0,NA,NA,NA,0,NA,NA,NA,0,0,NA,NA
GalaxyDelta9,NA,NA,NA,NA,0,NA,NA,NA,0,NA,NA,NA,0,0,NA,NA
dokkou,NA,NA,NA,NA,0,NA,NA,NA,0,NA,NA,NA,0,0,NA,NA
RonaId_Trump,NA,3,6,10,0,3,6,10,0,3,6,10,0,0,6,10
BigBrownDownTown,1,1,2,5,0,1,2,5,0,1,2,5,0,0,2,5
RedneckAvengers,NA,NA,NA,NA,0,NA,NA,NA,0,NA,NA,NA,0,0,NA,NA
JacksonGuitarguy,NA,NA,5,10,0,NA,5,10,0,NA,5,10,0,0,5,10
RedneckAvengers,2,1,2,5,0,1,2,5,0,1,2,5,0,0,2,5
Heliocentrist,1,1,1,2,0,1,1,2,0,1,1,2,0,0,1,2
Heliocentrist,NA,NA,NA,10,0,NA,NA,10,0,NA,NA,10,0,0,NA,10
Heliocentrist,NA,NA,1,2,0,NA,1,2,0,NA,1,2,0,0,1,2
RonaId_Trump,NA,NA,NA,NA,0,NA,NA,NA,0,NA,NA,NA,0,0,NA,NA
RonaId_Trump,2,1,3,2,0,1,3,2,0,1,3,2,0,0,3,2
Dexaan,NA,NA,NA,NA,0,NA,NA,NA,0,NA,NA,NA,0,0,NA,NA
RonaId_Trump,NA,4,6,12,0,4,6,12,0,4,6,12,0,0,6,12
FearDaNeard,NA,NA,NA,8,0,NA,NA,8,0,NA,NA,8,0,0,NA,8
GalaxyDelta9,NA,NA,NA,NA,0,NA,NA,NA,0,NA,NA,NA,0,0,NA,NA
GalaxyDelta9,NA,NA,NA,NA,0,NA,NA,NA,0,NA,NA,NA,0,0,NA,NA
FearDaNeard,NA,NA,NA,NA,0,NA,NA,NA,0,NA,NA,NA,0,0,NA,NA
Zulucandle,NA,NA,7,11,0,NA,7,11,0,NA,7,11,0,0,7,11
RonaId_Trump,NA,NA,9,16,0,NA,9,16,0,NA,9,16,0,0,9,16
PhysicianDre,NA,NA,8,5,0,NA,8,5,0,NA,8,5,0,0,8,5
woodukindly_bruh,NA,NA,NA,NA,0,NA,NA,NA,0,NA,NA,NA,0,0,NA,NA
ParentPostLacksWang,NA,NA,NA,NA,0,NA,NA,NA,0,NA,NA,NA,0,0,NA,NA
rhackleford,NA,NA,NA,NA,0,NA,NA,NA,0,NA,NA,NA,0,0,NA,NA
Dexaan,1,2,3,7,0,2,3,7,0,2,3,7,0,0,3,7
InVultusSolis,2,3,6,9,0,3,6,9,0,3,6,9,0,0,6,9
kodefuguru,NA,NA,NA,NA,0,NA,NA,NA,0,NA,NA,NA,0,0,NA,NA
InVultusSolis,NA,NA,NA,10,0,NA,NA,10,0,NA,NA,10,0,0,NA,10
InVultusSolis,NA,NA,6,9,0,NA,6,9,0,NA,6,9,0,0,6,9
RonaId_Trump,NA,5,8,2,0,5,8,2,0,5,8,2,0,0,8,2
RonaId_Trump,NA,NA,NA,5,0,NA,NA,5,0,NA,NA,5,0,0,NA,5
RonaId_Trump,NA,NA,NA,1,0,NA,NA,1,0,NA,NA,1,0,0,NA,1
WadeK,NA,NA,NA,NA,0,NA,NA,NA,0,NA,NA,NA,0,0,NA,NA
JacksonGuitarguy,NA,NA,NA,10,0,NA,NA,10,0,NA,NA,10,0,0,NA,10
Zulucandle,NA,NA,NA,NA,0,NA,NA,NA,0,NA,NA,NA,0,0,NA,NA
Zulucandle,NA,NA,NA,16,0,NA,NA,16,0,NA,NA,16,0,0,NA,16
Heliocentrist,NA,NA,7,5,0,NA,7,5,0,NA,7,5,0,0,7,5
woodukindly_bruh,2,5,8,5,0,5,8,5,0,5,8,5,0,0,8,5
damnthatsfuckinggood,NA,NA,NA,NA,0,NA,NA,NA,0,NA,NA,NA,0,0,NA,NA
Heliocentrist,NA,NA,NA,NA,0,NA,NA,NA,0,NA,NA,NA,0,0,NA,NA
woodukindly_bruh,NA,NA,NA,16,0,NA,NA,16,0,NA,NA,16,0,0,NA,16
kodefuguru,NA,NA,NA,NA,0,NA,NA,NA,0,NA,NA,NA,0,0,NA,NA
kodefuguru,NA,NA,NA,5,0,NA,NA,5,0,NA,NA,5,0,0,NA,5
kodefuguru,NA,NA,6,5,0,NA,6,5,0,NA,6,5,0,0,6,5
kodefuguru,NA,NA,NA,5,0,NA,NA,5,0,NA,NA,5,0,0,NA,5
FearLeadsToAnger,NA,1,1,1,0,1,1,1,0,1,1,1,0,0,1,1
FearLeadsToAnger,NA,2,3,8,0,2,3,8,0,2,3,8,0,0,3,8
FearLeadsToAnger,NA,NA,3,2,0,NA,3,2,0,NA,3,2,0,0,3,2
kodefuguru,2,1,2,6,0,1,2,6,0,1,2,6,0,0,2,6
kodefuguru,NA,NA,6,3,0,NA,6,3,0,NA,6,3,0,0,6,3
kodefuguru,NA,NA,NA,1,0,NA,NA,1,0,NA,NA,1,0,0,NA,1
Heliocentrist,NA,NA,4,1,0,NA,4,1,0,NA,4,1,0,0,4,1
LouGossetJr,NA,NA,NA,9,0,NA,NA,9,0,NA,NA,9,0,0,NA,9
LouGossetJr,NA,NA,NA,NA,0,NA,NA,NA,0,NA,NA,NA,0,0,NA,NA
dokkou,NA,NA,NA,NA,0,NA,NA,NA,0,NA,NA,NA,0,0,NA,NA
FearLeadsToAnger,NA,NA,NA,2,0,NA,NA,2,0,NA,NA,2,0,0,NA,2
kodefuguru,NA,NA,6,9,0,NA,6,9,0,NA,6,9,0,0,6,9
FearLeadsToAnger,NA,NA,NA,NA,0,NA,NA,NA,0,NA,NA,NA,0,0,NA,NA
woodukindly_bruh,NA,NA,NA,NA,0,NA,NA,NA,0,NA,NA,NA,0,0,NA,NA
Heliocentrist,NA,NA,4,3,0,NA,4,3,0,NA,4,3,0,0,4,3
Heliocentrist,NA,NA,NA,1,0,NA,NA,1,0,NA,NA,1,0,0,NA,1
Beebeeb,1,2,2,8,0,2,2,8,0,2,2,8,0,0,2,8
woodukindly_bruh,NA,NA,NA,16,0,NA,NA,16,0,NA,NA,16,0,0,NA,16
PhysicianDre,2,1,1,2,0,1,1,2,0,1,1,2,0,0,1,2
Heliocentrist,NA,NA,NA,NA,0,NA,NA,NA,0,NA,NA,NA,0,0,NA,NA
rhackleford,NA,NA,NA,NA,0,NA,NA,NA,0,NA,NA,NA,0,0,NA,NA
rhackleford,NA,NA,NA,NA,0,NA,NA,NA,0,NA,NA,NA,0,0,NA,NA
JimmyHoffa1,NA,NA,NA,NA,0,NA,NA,NA,0,NA,NA,NA,0,0,NA,NA
JimmyHoffa1,NA,NA,NA,NA,0,NA,NA,NA,0,NA,NA,NA,0,0,NA,NA
JimmyHoffa1,NA,NA,NA,NA,0,NA,NA,NA,0,NA,NA,NA,0,0,NA,NA
JimmyHoffa1,NA,NA,NA,NA,0,NA,NA,NA,0,NA,NA,NA,0,0,NA,NA
JimmyHoffa1,NA,NA,NA,12,0,NA,NA,12,0,NA,NA,12,0,0,NA,12
JimmyHoffa1,NA,NA,6,3,0,NA,6,3,0,NA,6,3,0,0,6,3
headfullofmangos,NA,NA,NA,NA,0,NA,NA,NA,0,NA,NA,NA,0,0,NA,NA
ParentPostLacksWang,NA,NA,NA,8,0,NA,NA,8,0,NA,NA,8,0,0,NA,8
FearLeadsToAnger,NA,NA,NA,NA,0,NA,NA,NA,0,NA,NA,NA,0,0,NA,NA
FearLeadsToAnger,NA,NA,NA,NA,0,NA,NA,NA,0,NA,NA,NA,0,0,NA,NA
damnthatsfuckinggood,1,2,4,8,0,2,4,8,0,2,4,8,0,0,4,8
RedneckAvengers,2,3,6,9,0,3,6,9,0,3,6,9,0,0,6,9
JacksonGuitarguy,NA,3,5,2,0,3,5,2,0,3,5,2,0,0,5,2
PhysicianDre,NA,4,7,14,0,4,7,14,0,4,7,14,0,0,7,14
woodukindly_bruh,NA,NA,10,6,0,NA,10,6,0,NA,10,6,0,0,10,6
woodukindly_bruh,NA,NA,2,2,0,NA,2,2,0,NA,2,2,0,0,2,2
kodefuguru,NA,NA,NA,NA,0,NA,NA,NA,0,NA,NA,NA,0,0,NA,NA
kodefuguru,NA,NA,NA,NA,0,NA,NA,NA,0,NA,NA,NA,0,0,NA,NA
RonaId_Trump,NA,NA,NA,NA,0,NA,NA,NA,0,NA,NA,NA,0,0,NA,NA
Heliocentrist,2,3,5,7,0,3,5,7,0,3,5,7,0,0,5,7
Asphyxiatinglaughter,NA,NA,NA,NA,0,NA,NA,NA,0,NA,NA,NA,0,0,NA,NA
Asphyxiatinglaughter,NA,NA,NA,NA,0,NA,NA,NA,0,NA,NA,NA,0,0,NA,NA
woodukindly_bruh,NA,NA,NA,NA,0,NA,NA,NA,0,NA,NA,NA,0,0,NA,NA
Dexaan,1,1,1,1,0,1,1,1,0,1,1,1,0,0,1,1
somekid66,NA,5,7,11,0,5,7,11,0,5,7,11,0,0,7,11
somekid66,NA,NA,NA,NA,0,NA,NA,NA,0,NA,NA,NA,0,0,NA,NA
somekid66,2,4,8,15,0,4,8,15,0,4,8,15,0,0,8,15
WadeK,NA,NA,8,15,0,NA,8,15,0,NA,8,15,0,0,8,15
PhysicianDre,1,2,1,1,0,2,1,1,0,2,1,1,0,0,1,1
JacksonGuitarguy,NA,NA,4,2,0,NA,4,2,0,NA,4,2,0,0,4,2
ShouldBeAnUpvoteGif,NA,NA,NA,NA,0,NA,NA,NA,0,NA,NA,NA,0,0,NA,NA
JacksonGuitarguy,NA,NA,2,3,0,NA,2,3,0,NA,2,3,0,0,2,3
Gillig4n,NA,NA,NA,8,0,NA,NA,8,0,NA,NA,8,0,0,NA,8
kodefuguru,2,1,1,2,0,1,1,2,0,1,1,2,0,0,1,2
RonaId_Trump,NA,NA,NA,NA,0,NA,NA,NA,0,NA,NA,NA,0,0,NA,NA
RonaId_Trump,NA,NA,NA,13,0,NA,NA,13,0,NA,NA,13,0,0,NA,13
CannedBullet,NA,NA,NA,NA,0,NA,NA,NA,0,NA,NA,NA,0,0,NA,NA
CannedBullet,NA,NA,1,7,0,NA,1,7,0,NA,1,7,0,0,1,7
CannedBullet,NA,NA,NA,NA,0,NA,NA,NA,0,NA,NA,NA,0,0,NA,NA
shadeslayer0930,NA,NA,NA,NA,0,NA,NA,NA,0,NA,NA,NA,0,0,NA,NA
CannedBullet,NA,NA,NA,7,0,NA,NA,7,0,NA,NA,7,0,0,NA,7
CannedBullet,NA,NA,NA,NA,0,NA,NA,NA,0,NA,NA,NA,0,0,NA,NA
Heliocentrist,NA,NA,4,3,0,NA,4,3,0,NA,4,3,0,0,4,3
damnthatsfuckinggood,NA,NA,NA,NA,0,NA,NA,NA,0,NA,NA,NA,0,0,NA,NA
ZXCVBNM9012,NA,NA,NA,NA,0,NA,NA,NA,0,NA,NA,NA,0,0,NA,NA
__worldpeace,1,1,2,3,0,1,2,3,0,1,2,3,0,0,2,3
JacksonGuitarguy,NA,NA,NA,NA,0,NA,NA,NA,0,NA,NA,NA,0,0,NA,NA
Gillig4n,NA,NA,NA,6,0,NA,NA,6,0,NA,NA,6,0,0,NA,6
Dexaan,NA,2,3,2,0,2,3,2,0,2,3,2,0,0,3,2
ShouldBeAnUpvoteGif,NA,NA,NA,NA,0,NA,NA,NA,0,NA,NA,NA,0,0,NA,NA
ShouldBeAnUpvoteGif,NA,NA,NA,NA,0,NA,NA,NA,0,NA,NA,NA,0,0,NA,NA
j_strange888,NA,NA,NA,NA,0,NA,NA,NA,0,NA,NA,NA,0,0,NA,NA
ShouldBeAnUpvoteGif,NA,NA,NA,NA,0,NA,NA,NA,0,NA,NA,NA,0,0,NA,NA
Dexaan,NA,NA,NA,1,0,NA,NA,1,0,NA,NA,1,0,0,NA,1
ShouldBeAnUpvoteGif,NA,NA,NA,NA,0,NA,NA,NA,0,NA,NA,NA,0,0,NA,NA
ShouldBeAnUpvoteGif,NA,NA,NA,NA,0,NA,NA,NA,0,NA,NA,NA,0,0,NA,NA
ShouldBeAnUpvoteGif,NA,NA,NA,NA,0,NA,NA,NA,0,NA,NA,NA,0,0,NA,NA
ShouldBeAnUpvoteGif,NA,NA,NA,NA,0,NA,NA,NA,0,NA,NA,NA,0,0,NA,NA
ShouldBeAnUpvoteGif,NA,NA,4,9,0,NA,4,9,0,NA,4,9,0,0,4,9
woodukindly_bruh,NA,NA,8,13,0,NA,8,13,0,NA,8,13,0,0,8,13
PhysicianDre,NA,NA,4,9,0,NA,4,9,0,NA,4,9,0,0,4,9
crazyike,NA,NA,NA,NA,0,NA,NA,NA,0,NA,NA,NA,0,0,NA,NA
Dexaan,NA,NA,NA,3,0,NA,NA,3,0,NA,NA,3,0,0,NA,3
Dexaan,NA,NA,1,1,0,NA,1,1,0,NA,1,1,0,0,1,1
Dexaan,NA,NA,NA,2,0,NA,NA,2,0,NA,NA,2,0,0,NA,2
Dexaan,2,2,2,6,0,2,2,6,0,2,2,6,0,0,2,6
Dexaan,1,1,1,1,0,1,1,1,0,1,1,1,0,0,1,1
somekid66,NA,NA,NA,NA,0,NA,NA,NA,0,NA,NA,NA,0,0,NA,NA
somekid66,NA,NA,8,12,0,NA,8,12,0,NA,8,12,0,0,8,12
Dexaan,NA,NA,NA,7,0,NA,NA,7,0,NA,NA,7,0,0,NA,7
Dexaan,NA,NA,NA,9,0,NA,NA,9,0,NA,NA,9,0,0,NA,9
componentfield,NA,NA,NA,NA,0,NA,NA,NA,0,NA,NA,NA,0,0,NA,NA
componentfield,NA,NA,NA,NA,0,NA,NA,NA,0,NA,NA,NA,0,0,NA,NA
PhysicianDre,NA,NA,NA,NA,0,NA,NA,NA,0,NA,NA,NA,0,0,NA,NA
Tnargkiller,NA,NA,NA,NA,0,NA,NA,NA,0,NA,NA,NA,0,0,NA,NA
CannedBullet,NA,NA,NA,NA,0,NA,NA,NA,0,NA,NA,NA,0,0,NA,NA
Dexaan,1,2,4,1,0,2,4,1,0,2,4,1,0,0,4,1
CannedBullet,NA,NA,NA,NA,0,NA,NA,NA,0,NA,NA,NA,0,0,NA,NA
CannedBullet,NA,NA,NA,NA,0,NA,NA,NA,0,NA,NA,NA,0,0,NA,NA
JacksonGuitarguy,NA,NA,NA,NA,0,NA,NA,NA,0,NA,NA,NA,0,0,NA,NA
JacksonGuitarguy,NA,NA,NA,NA,0,NA,NA,NA,0,NA,NA,NA,0,0,NA,NA
JacksonGuitarguy,NA,NA,NA,10,0,NA,NA,10,0,NA,NA,10,0,0,NA,10
ZXCVBNM9012,NA,NA,NA,NA,0,NA,NA,NA,0,NA,NA,NA,0,0,NA,NA
Zulucandle,NA,NA,9,15,0,NA,9,15,0,NA,9,15,0,0,9,15
ShouldBeAnUpvoteGif,NA,NA,NA,NA,0,NA,NA,NA,0,NA,NA,NA,0,0,NA,NA
Zulucandle,NA,NA,9,14,0,NA,9,14,0,NA,9,14,0,0,9,14
JacksonGuitarguy,NA,NA,4,4,0,NA,4,4,0,NA,4,4,0,0,4,4
JacksonGuitarguy,NA,NA,NA,NA,0,NA,NA,NA,0,NA,NA,NA,0,0,NA,NA
JacksonGuitarguy,NA,NA,NA,9,0,NA,NA,9,0,NA,NA,9,0,0,NA,9
Zulucandle,NA,NA,NA,NA,0,NA,NA,NA,0,NA,NA,NA,0,0,NA,NA
JacksonGuitarguy,2,4,2,4,0,4,2,4,0,4,2,4,0,0,2,4
ShouldBeAnUpvoteGif,NA,NA,NA,14,0,NA,NA,14,0,NA,NA,14,0,0,NA,14
ShouldBeAnUpvoteGif,NA,3,5,4,0,3,5,4,0,3,5,4,0,0,5,4
ShouldBeAnUpvoteGif,NA,NA,NA,NA,0,NA,NA,NA,0,NA,NA,NA,0,0,NA,NA
ShouldBeAnUpvoteGif,NA,NA,NA,NA,0,NA,NA,NA,0,NA,NA,NA,0,0,NA,NA
Zulucandle,NA,NA,NA,NA,0,NA,NA,NA,0,NA,NA,NA,0,0,NA,NA
Dexaan,1,1,3,2,0,1,3,2,0,1,3,2,0,0,3,2
Zulucandle,NA,NA,NA,NA,0,NA,NA,NA,0,NA,NA,NA,0,0,NA,NA
Dexaan,NA,NA,3,2,0,NA,3,2,0,NA,3,2,0,0,3,2
JacksonGuitarguy,NA,NA,NA,NA,0,NA,NA,NA,0,NA,NA,NA,0,0,NA,NA
Stolichnayaaa,NA,NA,NA,NA,0,NA,NA,NA,0,NA,NA,NA,0,0,NA,NA
InVultusSolis,NA,NA,7,2,0,NA,7,2,0,NA,7,2,0,0,7,2
InVultusSolis,NA,NA,NA,NA,0,NA,NA,NA,0,NA,NA,NA,0,0,NA,NA
ShouldBeAnUpvoteGif,NA,NA,NA,13,0,NA,NA,13,0,NA,NA,13,0,0,NA,13
JacksonGuitarguy,NA,NA,5,2,0,NA,5,2,0,NA,5,2,0,0,5,2
kodefuguru,NA,3,4,3,0,3,4,3,0,3,4,3,0,0,4,3
crazyike,NA,NA,NA,NA,0,NA,NA,NA,0,NA,NA,NA,0,0,NA,NA
CannedBullet,NA,NA,4,8,0,NA,4,8,0,NA,4,8,0,0,4,8
Asphyxiatinglaughter,NA,NA,5,6,0,NA,5,6,0,NA,5,6,0,0,5,6
CannedBullet,NA,NA,NA,NA,0,NA,NA,NA,0,NA,NA,NA,0,0,NA,NA
CannedBullet,NA,NA,NA,NA,0,NA,NA,NA,0,NA,NA,NA,0,0,NA,NA
CannedBullet,NA,NA,4,6,0,NA,4,6,0,NA,4,6,0,0,4,6
screenwblues,NA,NA,NA,NA,0,NA,NA,NA,0,NA,NA,NA,0,0,NA,NA
ShouldBeAnUpvoteGif,NA,NA,NA,NA,0,NA,NA,NA,0,NA,NA,NA,0,0,NA,NA
Heliocentrist,1,4,2,1,0,4,2,1,0,4,2,1,0,0,2,1
Heliocentrist,NA,NA,5,2,0,NA,5,2,0,NA,5,2,0,0,5,2
kvltwarrior98,NA,NA,NA,NA,0,NA,NA,NA,0,NA,NA,NA,0,0,NA,NA
Dexaan,NA,NA,3,5,0,NA,3,5,0,NA,3,5,0,0,3,5
kvltwarrior98,NA,NA,NA,NA,0,NA,NA,NA,0,NA,NA,NA,0,0,NA,NA
Heliocentrist,NA,NA,NA,NA,0,NA,NA,NA,0,NA,NA,NA,0,0,NA,NA
bigbeardthesecond,NA,NA,NA,NA,0,NA,NA,NA,0,NA,NA,NA,0,0,NA,NA
bigbeardthesecond,NA,NA,NA,NA,0,NA,NA,NA,0,NA,NA,NA,0,0,NA,NA
bigbeardthesecond,NA,NA,NA,NA,0,NA,NA,NA,0,NA,NA,NA,0,0,NA,NA
cunninglinguist81,NA,NA,4,8,0,NA,4,8,0,NA,4,8,0,0,4,8
somekid66,NA,NA,NA,NA,0,NA,NA,NA,0,NA,NA,NA,0,0,NA,NA
somekid66,NA,NA,NA,NA,0,NA,NA,NA,0,NA,NA,NA,0,0,NA,NA
somekid66,NA,NA,NA,NA,0,NA,NA,NA,0,NA,NA,NA,0,0,NA,NA
somekid66,NA,NA,NA,NA,0,NA,NA,NA,0,NA,NA,NA,0,0,NA,NA
somekid66,NA,NA,NA,13,0,NA,NA,13,0,NA,NA,13,0,0,NA,13
cunninglinguist81,NA,NA,NA,NA,0,NA,NA,NA,0,NA,NA,NA,0,0,NA,NA
somekid66,NA,NA,NA,NA,0,NA,NA,NA,0,NA,NA,NA,0,0,NA,NA
kvltwarrior98,NA,NA,NA,NA,0,NA,NA,NA,0,NA,NA,NA,0,0,NA,NA
somekid66,NA,NA,NA,NA,0,NA,NA,NA,0,NA,NA,NA,0,0,NA,NA
somekid66,NA,NA,NA,NA,0,NA,NA,NA,0,NA,NA,NA,0,0,NA,NA
somekid66,NA,NA,NA,NA,0,NA,NA,NA,0,NA,NA,NA,0,0,NA,NA
somekid66,NA,NA,NA,NA,0,NA,NA,NA,0,NA,NA,NA,0,0,NA,NA
somekid66,NA,NA,NA,NA,0,NA,NA,NA,0,NA,NA,NA,0,0,NA,NA
somekid66,NA,NA,NA,12,0,NA,NA,12,0,NA,NA,12,0,0,NA,12
cunninglinguist81,NA,NA,NA,NA,0,NA,NA,NA,0,NA,NA,NA,0,0,NA,NA
somekid66,NA,NA,NA,NA,0,NA,NA,NA,0,NA,NA,NA,0,0,NA,NA
somekid66,NA,NA,NA,NA,0,NA,NA,NA,0,NA,NA,NA,0,0,NA,NA
cunninglinguist81,NA,NA,NA,NA,0,NA,NA,NA,0,NA,NA,NA,0,0,NA,NA
somekid66,NA,NA,NA,9,0,NA,NA,9,0,NA,NA,9,0,0,NA,9
somekid66,2,4,8,13,0,4,8,13,0,4,8,13,0,0,8,13
somekid66,NA,NA,NA,NA,0,NA,NA,NA,0,NA,NA,NA,0,0,NA,NA
somekid66,NA,NA,NA,NA,0,NA,NA,NA,0,NA,NA,NA,0,0,NA,NA
somekid66,NA,NA,NA,NA,0,NA,NA,NA,0,NA,NA,NA,0,0,NA,NA
somekid66,NA,NA,7,12,0,NA,7,12,0,NA,7,12,0,0,7,12
somekid66,NA,NA,NA,NA,0,NA,NA,NA,0,NA,NA,NA,0,0,NA,NA
ShouldBeAnUpvoteGif,NA,NA,NA,NA,0,NA,NA,NA,0,NA,NA,NA,0,0,NA,NA
somekid66,NA,NA,NA,NA,0,NA,NA,NA,0,NA,NA,NA,0,0,NA,NA
somekid66,NA,NA,NA,NA,0,NA,NA,NA,0,NA,NA,NA,0,0,NA,NA
somekid66,NA,NA,NA,12,0,NA,NA,12,0,NA,NA,12,0,0,NA,12
cunninglinguist81,NA,NA,NA,NA,0,NA,NA,NA,0,NA,NA,NA,0,0,NA,NA
JacksonGuitarguy,NA,NA,NA,11,0,NA,NA,11,0,NA,NA,11,0,0,NA,11
ParentPostLacksWang,NA,NA,NA,NA,0,NA,NA,NA,0,NA,NA,NA,0,0,NA,NA
somekid66,NA,NA,NA,NA,0,NA,NA,NA,0,NA,NA,NA,0,0,NA,NA
somekid66,NA,NA,NA,NA,0,NA,NA,NA,0,NA,NA,NA,0,0,NA,NA
Dexaan,NA,NA,4,3,0,NA,4,3,0,NA,4,3,0,0,4,3
Dexaan,NA,NA,4,1,0,NA,4,1,0,NA,4,1,0,0,4,1
Dexaan,NA,2,4,8,0,2,4,8,0,2,4,8,0,0,4,8
Dexaan,1,2,2,4,0,2,2,4,0,2,2,4,0,0,2,4
damnthatsfuckinggood,NA,NA,NA,NA,0,NA,NA,NA,0,NA,NA,NA,0,0,NA,NA
crazyike,NA,NA,4,7,0,NA,4,7,0,NA,4,7,0,0,4,7
PhysicianDre,NA,NA,NA,13,0,NA,NA,13,0,NA,NA,13,0,0,NA,13
damnthatsfuckinggood,NA,NA,3,8,0,NA,3,8,0,NA,3,8,0,0,3,8
damnthatsfuckinggood,NA,NA,NA,NA,0,NA,NA,NA,0,NA,NA,NA,0,0,NA,NA
Dexaan,NA,2,1,1,0,2,1,1,0,2,1,1,0,0,1,1
crazyike,NA,NA,NA,NA,0,NA,NA,NA,0,NA,NA,NA,0,0,NA,NA
damnthatsfuckinggood,NA,NA,NA,NA,0,NA,NA,NA,0,NA,NA,NA,0,0,NA,NA
PhysicianDre,NA,NA,NA,NA,0,NA,NA,NA,0,NA,NA,NA,0,0,NA,NA
somekid66,NA,NA,NA,15,0,NA,NA,15,0,NA,NA,15,0,0,NA,15
PhysicianDre,NA,NA,NA,7,0,NA,NA,7,0,NA,NA,7,0,0,NA,7
crazyike,NA,NA,NA,NA,0,NA,NA,NA,0,NA,NA,NA,0,0,NA,NA
PhysicianDre,NA,NA,NA,NA,0,NA,NA,NA,0,NA,NA,NA,0,0,NA,NA
crazyike,NA,NA,NA,NA,0,NA,NA,NA,0,NA,NA,NA,0,0,NA,NA
Dexaan,NA,NA,NA,6,0,NA,NA,6,0,NA,NA,6,0,0,NA,6
Dexaan,NA,NA,NA,NA,0,NA,NA,NA,0,NA,NA,NA,0,0,NA,NA
Dexaan,NA,NA,NA,9,0,NA,NA,9,0,NA,NA,9,0,0,NA,9
Dexaan,NA,NA,NA,NA,0,NA,NA,NA,0,NA,NA,NA,0,0,NA,NA
Dexaan,NA,2,1,1,0,2,1,1,0,2,1,1,0,0,1,1
Zulucandle,NA,NA,NA,NA,0,NA,NA,NA,0,NA,NA,NA,0,0,NA,NA
crazyike,NA,NA,NA,NA,0,NA,NA,NA,0,NA,NA,NA,0,0,NA,NA
PhysicianDre,NA,NA,6,4,0,NA,6,4,0,NA,6,4,0,0,6,4
kodefuguru,NA,NA,NA,3,0,NA,NA,3,0,NA,NA,3,0,0,NA,3
PhysicianDre,NA,NA,7,13,0,NA,7,13,0,NA,7,13,0,0,7,13
kodefuguru,2,1,2,4,0,1,2,4,0,1,2,4,0,0,2,4
kodefuguru,2,4,5,3,0,4,5,3,0,4,5,3,0,0,5,3
somekid66,NA,NA,NA,NA,0,NA,NA,NA,0,NA,NA,NA,0,0,NA,NA
somekid66,NA,NA,NA,NA,0,NA,NA,NA,0,NA,NA,NA,0,0,NA,NA
somekid66,NA,NA,NA,NA,0,NA,NA,NA,0,NA,NA,NA,0,0,NA,NA
somekid66,NA,NA,NA,NA,0,NA,NA,NA,0,NA,NA,NA,0,0,NA,NA
Asphyxiatinglaughter,NA,NA,NA,NA,0,NA,NA,NA,0,NA,NA,NA,0,0,NA,NA
Asphyxiatinglaughter,NA,NA,NA,NA,0,NA,NA,NA,0,NA,NA,NA,0,0,NA,NA
JacksonGuitarguy,NA,NA,NA,8,0,NA,NA,8,0,NA,NA,8,0,0,NA,8
JacksonGuitarguy,NA,NA,NA,NA,0,NA,NA,NA,0,NA,NA,NA,0,0,NA,NA
Beebeeb,NA,NA,NA,NA,0,NA,NA,NA,0,NA,NA,NA,0,0,NA,NA
Beebeeb,NA,NA,NA,NA,0,NA,NA,NA,0,NA,NA,NA,0,0,NA,NA
Beebeeb,NA,NA,3,5,0,NA,3,5,0,NA,3,5,0,0,3,5
Beebeeb,NA,2,3,9,0,2,3,9,0,2,3,9,0,0,3,9
Beebeeb,NA,NA,NA,NA,0,NA,NA,NA,0,NA,NA,NA,0,0,NA,NA
Gillig4n,NA,NA,NA,NA,0,NA,NA,NA,0,NA,NA,NA,0,0,NA,NA
crazyike,NA,NA,NA,NA,0,NA,NA,NA,0,NA,NA,NA,0,0,NA,NA
crazyike,NA,NA,NA,NA,0,NA,NA,NA,0,NA,NA,NA,0,0,NA,NA
crazyike,NA,NA,NA,NA,0,NA,NA,NA,0,NA,NA,NA,0,0,NA,NA
crazyike,NA,NA,NA,NA,0,NA,NA,NA,0,NA,NA,NA,0,0,NA,NA
kodefuguru,NA,NA,NA,NA,0,NA,NA,NA,0,NA,NA,NA,0,0,NA,NA
crazyike,NA,NA,NA,NA,0,NA,NA,NA,0,NA,NA,NA,0,0,NA,NA
Zulucandle,NA,NA,NA,NA,0,NA,NA,NA,0,NA,NA,NA,0,0,NA,NA
crazyike,NA,NA,NA,7,0,NA,NA,7,0,NA,NA,7,0,0,NA,7
damnthatsfuckinggood,NA,1,4,7,0,1,4,7,0,1,4,7,0,0,4,7
damnthatsfuckinggood,NA,NA,NA,NA,0,NA,NA,NA,0,NA,NA,NA,0,0,NA,NA
woodukindly_bruh,NA,NA,NA,NA,0,NA,NA,NA,0,NA,NA,NA,0,0,NA,NA
Dexaan,1,2,1,2,0,2,1,2,0,2,1,2,0,0,1,2
Dexaan,NA,2,4,9,0,2,4,9,0,2,4,9,0,0,4,9
damnthatsfuckinggood,NA,NA,NA,NA,0,NA,NA,NA,0,NA,NA,NA,0,0,NA,NA
woodukindly_bruh,NA,NA,8,16,0,NA,8,16,0,NA,8,16,0,0,8,16
WadeK,NA,NA,NA,NA,0,NA,NA,NA,0,NA,NA,NA,0,0,NA,NA
Asphyxiatinglaughter,1,1,3,7,0,1,3,7,0,1,3,7,0,0,3,7
kodefuguru,NA,NA,5,11,0,NA,5,11,0,NA,5,11,0,0,5,11
InVultusSolis,NA,NA,NA,10,0,NA,NA,10,0,NA,NA,10,0,0,NA,10
headfullofmangos,NA,NA,5,8,0,NA,5,8,0,NA,5,8,0,0,5,8
JacksonGuitarguy,NA,NA,NA,8,0,NA,NA,8,0,NA,NA,8,0,0,NA,8
damnthatsfuckinggood,NA,NA,NA,NA,0,NA,NA,NA,0,NA,NA,NA,0,0,NA,NA
damnthatsfuckinggood,NA,NA,NA,NA,0,NA,NA,NA,0,NA,NA,NA,0,0,NA,NA
damnthatsfuckinggood,NA,NA,NA,NA,0,NA,NA,NA,0,NA,NA,NA,0,0,NA,NA
damnthatsfuckinggood,NA,NA,2,6,0,NA,2,6,0,NA,2,6,0,0,2,6
damnthatsfuckinggood,NA,NA,NA,NA,0,NA,NA,NA,0,NA,NA,NA,0,0,NA,NA
Gillig4n,NA,NA,NA,NA,0,NA,NA,NA,0,NA,NA,NA,0,0,NA,NA
LouGossetJr,NA,NA,NA,NA,0,NA,NA,NA,0,NA,NA,NA,0,0,NA,NA
LouGossetJr,NA,NA,NA,NA,0,NA,NA,NA,0,NA,NA,NA,0,0,NA,NA
Heliocentrist,1,1,1,1,0,1,1,1,0,1,1,1,0,0,1,1
Hcysntmf,NA,NA,NA,NA,0,NA,NA,NA,0,NA,NA,NA,0,0,NA,NA
Tnargkiller,NA,NA,NA,NA,0,NA,NA,NA,0,NA,NA,NA,0,0,NA,NA
InVultusSolis,1,2,4,9,0,2,4,9,0,2,4,9,0,0,4,9
damnthatsfuckinggood,NA,NA,NA,7,0,NA,NA,7,0,NA,NA,7,0,0,NA,7
damnthatsfuckinggood,NA,NA,NA,6,0,NA,NA,6,0,NA,NA,6,0,0,NA,6
damnthatsfuckinggood,NA,NA,NA,7,0,NA,NA,7,0,NA,NA,7,0,0,NA,7
ShouldBeAnUpvoteGif,NA,5,7,11,0,5,7,11,0,5,7,11,0,0,7,11
woodukindly_bruh,NA,NA,NA,14,0,NA,NA,14,0,NA,NA,14,0,0,NA,14
rhackleford,NA,NA,NA,NA,0,NA,NA,NA,0,NA,NA,NA,0,0,NA,NA
CannedBullet,NA,NA,NA,1,0,NA,NA,1,0,NA,NA,1,0,0,NA,1
woodukindly_bruh,2,4,3,1,0,4,3,1,0,4,3,1,0,0,3,1
rhackleford,NA,NA,NA,11,0,NA,NA,11,0,NA,NA,11,0,0,NA,11
crazyike,NA,NA,NA,NA,0,NA,NA,NA,0,NA,NA,NA,0,0,NA,NA
headfullofmangos,NA,NA,NA,NA,0,NA,NA,NA,0,NA,NA,NA,0,0,NA,NA
crazyike,NA,NA,NA,NA,0,NA,NA,NA,0,NA,NA,NA,0,0,NA,NA
CannedBullet,NA,NA,NA,NA,0,NA,NA,NA,0,NA,NA,NA,0,0,NA,NA
CannedBullet,NA,NA,NA,NA,0,NA,NA,NA,0,NA,NA,NA,0,0,NA,NA
componentfield,NA,NA,NA,NA,0,NA,NA,NA,0,NA,NA,NA,0,0,NA,NA
CannedBullet,NA,NA,2,6,0,NA,2,6,0,NA,2,6,0,0,2,6
headfullofmangos,NA,NA,NA,NA,0,NA,NA,NA,0,NA,NA,NA,0,0,NA,NA
crazyike,NA,2,2,7,0,2,2,7,0,2,2,7,0,0,2,7
Asphyxiatinglaughter,1,1,2,8,0,1,2,8,0,1,2,8,0,0,2,8
damnthatsfuckinggood,NA,NA,NA,NA,0,NA,NA,NA,0,NA,NA,NA,0,0,NA,NA
Asphyxiatinglaughter,NA,NA,NA,NA,0,NA,NA,NA,0,NA,NA,NA,0,0,NA,NA
PhysicianDre,NA,NA,8,14,0,NA,8,14,0,NA,8,14,0,0,8,14
PhysicianDre,NA,4,6,1,0,4,6,1,0,4,6,1,0,0,6,1
WadeK,NA,NA,8,12,0,NA,8,12,0,NA,8,12,0,0,8,12
JacksonGuitarguy,2,4,7,11,0,4,7,11,0,4,7,11,0,0,7,11
WadeK,NA,NA,NA,NA,0,NA,NA,NA,0,NA,NA,NA,0,0,NA,NA
Heliocentrist,NA,NA,NA,9,0,NA,NA,9,0,NA,NA,9,0,0,NA,9
bigbeardthesecond,NA,NA,NA,NA,0,NA,NA,NA,0,NA,NA,NA,0,0,NA,NA
bigbeardthesecond,NA,NA,NA,NA,0,NA,NA,NA,0,NA,NA,NA,0,0,NA,NA
bigbeardthesecond,NA,NA,NA,NA,0,NA,NA,NA,0,NA,NA,NA,0,0,NA,NA
bigbeardthesecond,NA,NA,NA,NA,0,NA,NA,NA,0,NA,NA,NA,0,0,NA,NA
WadeK,NA,NA,NA,13,0,NA,NA,13,0,NA,NA,13,0,0,NA,13
Dexaan,NA,NA,NA,9,0,NA,NA,9,0,NA,NA,9,0,0,NA,9
JacksonGuitarguy,NA,NA,NA,NA,0,NA,NA,NA,0,NA,NA,NA,0,0,NA,NA
JacksonGuitarguy,NA,NA,NA,NA,0,NA,NA,NA,0,NA,NA,NA,0,0,NA,NA
GalaxyDelta9,NA,NA,NA,NA,0,NA,NA,NA,0,NA,NA,NA,0,0,NA,NA
GalaxyDelta9,NA,NA,NA,NA,0,NA,NA,NA,0,NA,NA,NA,0,0,NA,NA
PhysicianDre,NA,NA,7,4,0,NA,7,4,0,NA,7,4,0,0,7,4
CannedBullet,NA,NA,NA,9,0,NA,NA,9,0,NA,NA,9,0,0,NA,9
RonaId_Trump,NA,4,7,13,0,4,7,13,0,4,7,13,0,0,7,13
RonaId_Trump,NA,NA,8,4,0,NA,8,4,0,NA,8,4,0,0,8,4
RonaId_Trump,NA,NA,NA,NA,0,NA,NA,NA,0,NA,NA,NA,0,0,NA,NA
RonaId_Trump,NA,NA,NA,NA,0,NA,NA,NA,0,NA,NA,NA,0,0,NA,NA
RonaId_Trump,NA,NA,NA,5,0,NA,NA,5,0,NA,NA,5,0,0,NA,5
kodefuguru,NA,NA,8,11,0,NA,8,11,0,NA,8,11,0,0,8,11
kodefuguru,NA,NA,NA,12,0,NA,NA,12,0,NA,NA,12,0,0,NA,12
Tnargkiller,NA,NA,NA,NA,0,NA,NA,NA,0,NA,NA,NA,0,0,NA,NA
PhysicianDre,NA,5,7,4,0,5,7,4,0,5,7,4,0,0,7,4
kodefuguru,NA,NA,NA,9,0,NA,NA,9,0,NA,NA,9,0,0,NA,9
InVultusSolis,NA,NA,NA,NA,0,NA,NA,NA,0,NA,NA,NA,0,0,NA,NA
Heliocentrist,NA,NA,6,9,0,NA,6,9,0,NA,6,9,0,0,6,9
headfullofmangos,NA,NA,NA,NA,0,NA,NA,NA,0,NA,NA,NA,0,0,NA,NA
ShouldBeAnUpvoteGif,NA,3,7,11,0,3,7,11,0,3,7,11,0,0,7,11
ShouldBeAnUpvoteGif,NA,NA,NA,NA,0,NA,NA,NA,0,NA,NA,NA,0,0,NA,NA
xENO_,NA,NA,NA,NA,0,NA,NA,NA,0,NA,NA,NA,0,0,NA,NA
