author,n_words,n_posts
testicula,647,22
BrotherM,624,14
Yog_Kothag,645,40
hardkoretom,676,24
Zementid,626,14
bewds,640,17
automaticrabbit,634,45
Janky42,681,22
Letmeneckbeardbro,672,8
SlumLordOfTheFlies,626,17
Crack-Pirate,654,17
Under_the_bluemoon,638,13
OodalollyOodalolly,637,19
UsernameGoesHere122,645,12
BelievedToBeTrue,641,6
Liquid-02,654,41
LincolnBatman,625,14
rbrgr83,635,46
mikespimpin,632,25
Stephenrudolf,638,22
Drekor,687,32
wanmoar,664,17
anlumo,617,12
dontstopmecow,634,24
ceruleanskies001,609,34
anix421,655,16
usefulmoron,660,34
vickysunshine,687,15
Iamthespoonman,680,8
BerniAli,692,14
thewhiskey,613,54
crazymaga,687,25
jkckjc,648,9
Osteomata,606,18
Ptylerdactyl,657,22
LetsGoHawks,636,19
DidntHaveToUseMyAK,663,10
blackhoodyTX,696,44
Panda_Hero01,644,41
C9874123,634,11
XxMrCuddlesxX,610,22
crazyrandomnerd,653,24
LOOPbahriz,658,7
TerranFirma,680,29
stillusesAOL,622,46
homesick_for_nowhere,642,12
RICK_SLICK,610,50
Passthetzatziki,700,8
BOOOOOOOOOOOOOOOOOP,611,8
Fearofdead,626,6
PraetorianFury,658,6
superinspector,627,39
The14thNoah,641,28
snapyobagels,681,16
zakl2112,654,25
brownie338,619,18
i_smart,651,29
Peaches8823,700,6
master_stroganoff,645,8
gofuckabrokenbottle,664,30
preoncollidor,627,16
knot_tellin,655,17
Turtleking19,646,36
mainiac92002,663,40
ses1989,631,17
sanspri,695,47
nikster2112,650,8
Opouly,681,16
vit29,653,36
uncanneyvalley,628,12
herbaldove,617,16
valicat,651,12
ILikeSmug,655,13
KidGrey,646,62
cmbg78,648,16
eetandern,655,26
b1polarbear,633,16
idyl,673,24
jproc10,616,18
Ahtobe_original,676,16
Nerdn1,632,19
gurnzb,698,39
tomkenoby,631,36
Kinaestheticsz,667,16
MattOfJadeSpear,621,12
shiningPate,618,14
DontMaga,692,39
vitriolity,610,6
darcy_clay,623,34
jarsnazzy,629,23
WishIwasANevermo,607,20
Alture_White,679,12
krymz1n,688,36
psbwb,606,23
theendhasnoend_,672,20
Kair_,643,14
A_Filthy_Mind,614,24
fantafountain,605,23
accretion,603,10
cablelayer1,677,29
thekoalawolf,647,10
johnnywatts,622,16
XylatoJones,622,32
CMDR_Shazbot,658,19
AlchemicRez,608,26
comradeda,678,20
kaldurak9,622,35
robokripp,613,20
TrumpDprtSquad4,639,12
mrs_bungle,654,39
JackOCat,692,32
Codza2,626,9
Thenre,615,15
Monsieur_Chat_Bleu,653,73
Wetstew_,679,16
nirajdjoshi,697,38
Stormydawns,617,6
destronomics,678,20
GomNana,685,10
balsiu,689,11
con77,685,45
UnicornPumaShark,668,13
Higher_higher,619,30
i010011010,677,16
timdongow,662,28
xan_,664,17
alrightletssee,692,17
diadris,693,29
RobbieParker,614,32
_shandril_,667,23
stabbymcgoo,633,35
DaKingInDaNorf,689,12
pepperpotts3k,612,13
SilverNightingale,657,25
CarlosSlim748,627,25
sivribiber,676,9
StickyRobot,629,20
BlueKnightBrownHorse,644,17
Cozzie78,615,11
teiknethal,614,6
BoxNumberGavin1,676,50
redfallhammer,607,26
_MicroWave_,653,42
ExMusData,656,23
Flying__Penguin,663,11
major84,618,32
ieatbrainsnomnom,606,20
mattrose,673,15
lethpard,695,30
Individdy,621,30
Splinter1010,675,19
paynehouse,602,16
jamesheartey,642,14
DanyMoongazer,626,43
mywifehasapeen,607,8
Loopyprawn,651,22
simonpheenicks,634,10
ehalepagneaux,652,19
IRLAlex,619,34
BernieWouldHaveLost,698,6
Derigiberble,650,8
KonugrArgetlam,604,6
secret2013,657,20
niem254,677,37
Isiwjee,642,25
vizzyv1to,650,10
Anil_Thankamushy,633,15
temporarydjtposter,667,18
Gemsofwisdom,626,6
The_Adventurist,610,14
merc27,633,13
jaynil96,668,27
TheGreatTrogs,700,11
byepolarx,655,51
Horkpork,600,25
6harvard,630,26
olivine-,694,9
Baldaaf,607,21
darkrxn,688,6
nosunshine33,640,22
giveitachance123,618,25
ns713,684,8
billythestudly,678,41
blueskyfire,669,15
bannakafalata,652,15
RodneyPeppercorn,611,16
O5-12,601,35
J_lovin,642,6
Bgonz0000,606,15
ckemtp,693,24
warwolf940,622,13
MAGA4Dkids,664,37
NightLerker,622,19
AGooDone,634,30
TheCrickler,641,14
sit_ur_ass_down,644,25
Evillisa,638,36
incognito_mama,612,14
hoxtea,695,19
Almsivi_hegemon,649,36
VoltaX90,621,21
von_Hytecket,601,24
Rbevs,632,7
thycidides,653,18
kyorsmuckers,690,40
BicycleGeneticist,636,29
Kysis,672,31
lolpancakeslol,641,28
gullaj,659,31
boerema,611,18
GalacticAnimosity,650,41
Turtleman1986,672,11
dogpotato32,628,21
GrandDukeOfNowhere,611,23
Kijjy,674,46
MJIndian,621,26
Jellina,607,21
CousinSarah,609,6
Shai-Hulud1339,642,18
mr_birkenblatt,662,17
RiskyShift,691,12
ihavea-fancyusername,639,31
ImmaculateConnection,650,18
Mother_of_Smaug,627,13
evergreen2011,655,10
burningsmurf,621,37
Anil303,629,19
_PM_ME_CONFESSIONS_,604,21
IveBeenAloneFor10Yrs,637,61
ScipioSmash,674,39
bleuvif,653,21
Shaquintosh,681,6
zachm26,609,16
TheDragonzord,697,15
Tyranith,669,14
Binary_Nutcracker,655,19
HerpWillDevour,668,12
Yesters,668,16
civitatem_Inkas,656,25
Otzi-Iceman,675,21
Stevo6342,643,35
ToasterLittleBrave,617,12
eureka2814,636,7
zaqpippin,685,15
SquidmanMal,683,29
im_a_cute_grill,614,70
Hesthetop,616,19
English_American,605,9
mako-jaeger,668,40
Tsskies,658,27
g-breh,643,13
brownies_n_barbells,611,10
adamrsb48,657,54
knight_ofdoriath,645,28
_I_Have_No_Mouth_,632,19
pandaIsMyJam,652,10
attainableapex,612,10
Footy_man,649,19
Kitty-Litterer,604,28
gaseouspartdeux,630,19
mbrace256,661,21
raunchyfartbomb,622,16
Ianguy9,636,40
TheGuyWithAnUndercut,674,22
darkstriders,693,14
larcherwriter,671,23
ohituna,656,8
kimbodiedofspaceaids,628,25
AManNamedStanley,644,13
IamaDoubleARon,621,17
Vladimir_Trump,657,32
THC-Prophet,695,47
whyReadThis,692,6
TopCommentTheif,644,26
letsnotfail,674,7
mrIronHat,638,29
Anticode,627,16
downneck,620,20
formerly_cool,677,17
OoopsItSlipped,632,25
doodlepants1985,643,20
dcwj,638,25
stashtv,688,14
edsobo,645,14
VarlaThrill,698,54
guy-who-does-stuff,677,20
Br1mston3,676,9
Pilgrim_of_Reddit,660,9
Lynnord,658,22
hungry_warpig,650,118
ilovebooks3,658,28
ReadyToBeGreatAgain,679,33
Arwyn3x,631,16
quarglbarf,653,9
The_Unreal,698,12
Hackrid,637,32
edmazing,684,14
petterpk,649,13
MenInGreenFaces,686,22
just1nw,600,11
Need_a_Ladder,672,29
altrsaber,649,28
Evolations,683,27
Mayor_of_tittycity,603,7
kremlin888,600,12
DocPantsOnHead,687,35
in_casino_0ut,628,21
kurashu89,668,22
RichardMcLuvin,626,11
guess_age_by_comment,645,11
JerkNaivette,633,48
leonoel,634,19
MaxHannibal,687,33
bowserbowener,691,11
20MD20,615,9
dopamine-delight,656,17
secretiveBirdgirl,619,6
diamondhurt,662,18
immbored,620,37
tomarcke,615,25
JealotGaming,609,51
holydude02,608,18
Bark2IfUrInMilwaukee,616,33
Kyraira,680,49
SexualTyranosaurus,699,11
despinacolada,646,11
exonwarrior,611,22
GenocideSolution,673,27
MantisTobogganDM,671,27
stumpyspaceprincess,650,15
errgreen,632,17
-S-P-E-W-,657,8
Rikke_R,660,9
Necoia,681,16
voldeligspasserola,686,33
zrockstar,683,26
Serapius,636,11
Rajareth,669,13
wearenottheborg,607,22
Luke_McOck,692,14
Rufen,667,23
yourmomsfart,662,13
Oprahs_snatch,643,31
SSOMGDSJD,605,16
Dalexes,680,8
2bclear,618,26
WhalenOnF00ls,632,33
Ralmaelvonkzar,614,33
CyborgOtter,626,43
mvw2,642,7
RedPandaGirl,605,35
PandalfTheGimp,606,22
softwareguy74,662,70
HKBFG,602,42
heyheythisislibrary,687,33
johnbranflake,658,45
frontbuttbloodfarts,672,17
MockingbirdMeg,700,12
Frog_Todd,629,8
Olddriverjc,628,37
Magnetobama,650,10
TheDarkFiddler,649,27
dman-no-one,624,6
Deathrisk,679,50
AsimovsMachine,626,30
justanamazingperson,663,17
narambula25,601,17
MakeupDumbAss,620,16
psychedelicdevilry,672,25
mrhessell,682,7
sahelms,605,43
Natural_Justice,667,17
AshenIntensity,655,46
CesQ89,669,17
BurtSirloin,620,20
Manbearpig33OH,687,14
slothsandmoresloths,640,6
Trilobyte_DDS,622,12
azbraumeister,693,28
lupinemadness,614,21
AlaskanJuggalo4TRUMP,657,43
AaronWould,677,41
centersolace,676,11
Gibe,665,6
Gingerware,610,11
eliquy,697,39
Sadistic_Toaster,621,37
correctingyou12345,672,20
monkeedude1212,621,11
xMasterJx,686,10
peterkeats,632,9
womblybat,636,14
_ShaveTheWhales_,687,18
bhutos,649,12
TheLandBeforeBosh,673,10
AlexatheVA,606,54
spearchuckin,673,17
4evralone,620,35
Antillar_Maximus,620,28
SpringwoodSlasher,665,8
eskanonen,668,9
ToastnEggs,654,15
thesneakysnake,680,19
IvankaDrumpf,644,20
_dudz,629,19
spyro1132,659,13
AnjinOtter,662,9
jmd_forest,678,25
SeanSphincter,689,25
Seligas,617,8
10101211,691,15
I-Chat-Shit,649,12
Schmohawker,610,12
chefcj,626,20
Anachronym,641,12
mfizzled,650,26
xGray3,670,9
culturedrobot,601,11
Natisilverback,683,43
FirstDateWashington,641,16
pev2,601,13
BasedWaterMerchant,636,22
IndIka123,676,12
fuzzymidget,673,20
thebutterycanadian,640,16
1800OopsJew,640,18
t_rex_arms_444,649,7
thehudgeful,653,6
Agent_Pussywillow,644,22
Tridgeon,668,7
DeathorGlory9,648,15
patriot_1911,629,42
StillPimpin710,684,28
RobotJesus56,614,48
Talasour,634,45
betaking12,616,7
jlisle,634,7
big-fireball,650,31
Novacryy,692,18
JonRemzzzz,634,32
random_transient,641,8
Aakumaru,665,9
geft,610,15
solitudechirs,608,10
13tom13,690,23
Camellia_sinensis,696,32
TheAfroBomb,619,13
Ma287410,676,19
riverpne,665,8
gnamedud,632,7
SirsFuckDoll,666,8
Heavyweighsthecrown,603,6
cggreene2,627,23
OneEasyPayment,695,12
R__Man,673,41
teamsrox,690,23
JimBobBoBubba,648,8
DOOM_feat_DOOM,613,23
Tom_Foolery1993,662,42
freakierchicken,610,12
Disco_Drew,627,41
dumesne,665,23
FlopsyBunny,623,41
leah----,648,17
witqueen,630,10
Reactionary_Futurist,600,21
EnjoyKnope,635,9
Scylla1984,649,7
getost,688,11
ghast_iconoclast,607,30
Nkdubs,634,39
Dreadedm,634,23
million_tiny_stars,663,14
Why_You_Mad_,670,17
jaimmster,609,19
greco2k,623,14
rawrbunny,694,25
MurrayMcScurrilous,649,25
Ponkahotus,667,12
Arrancars_on_Ice,611,14
TysonBison117,613,41
sheepsleepdeep,678,17
JaHenke,658,27
clintonthegeek,602,14
Laribold,633,7
Kravego,685,15
worldofsmut,650,43
life_b4_death,644,23
CanadianJohny,690,34
frog_gurl22,664,22
un1cornbl00d,607,29
WantDiscussion,675,9
InstantMoisture,653,19
VoidWaIker,610,24
Shadow_of_wwar,671,12
Jeanlee03,629,7
ANewMachine615,691,17
Damadawf,700,25
Randomjax,683,71
TaiDavis,603,75
SladeNews,680,43
pm_steam_keys_plz,664,46
Caramel6243,700,14
MagnifyingLens,700,22
Droll_Papagiorgio,605,20
KittenSwagger,663,27
209Raiders,603,30
imapirateking,605,41
giger5,618,13
aidank21,633,81
EarlofATX,622,13
julesjacobs,696,10
brattonWVU,611,33
AdrimFayn,667,28
SchleppyJ4,687,26
Stem97,612,13
bishop-jese-erl,658,7
SadCritters,654,7
zxDanKwan,700,12
mackenzie45220,689,8
Sciencetor2,644,19
EmeraldPen,647,9
pandas_dont_poop,667,21
GalakFyarr,700,8
nirrapool,637,8
thorstone,682,37
Yabba_Dabba_Doofus,680,11
Impulse3000,616,48
613codyrex,619,7
Itsallanonswhocares,638,11
VageCheese,696,23
Maligned-Instrument,699,25
real_tea,612,17
Thelonius16,650,29
MundaneInternetGuy,610,18
dude_wells,692,56
CarneAsadaSteve,608,46
NIPPLE_POOP,660,21
RachelRae220,621,12
nunudodo,683,29
BaronVonMannsechs,696,16
KuroTheChronos,678,19
Apollo7,619,19
thatdani,642,11
Sanvienta,603,21
Kootsiak,605,10
P-Rickles,646,18
El_Mucho_Danko,630,63
yumkittentits,680,7
Whiterabbit--,650,24
throwaway6308,613,13
Ben_Kenobi_,646,19
Kevin_O_Loacvick,682,20
Ragnar_of_Ireland,614,7
enemyoftheworld,667,13
Vocaloid99,651,24
AdminsMoreLikBadmins,684,16
flonker2251,633,13
CaptSeaturtle,617,13
Smokeylongred,612,21
Senor_McFlurry,633,18
bored_nerd,602,30
Girl_Drama,688,43
hellobuttface,627,9
xCrypt1k,672,20
Crooks132,649,17
kateosaurausrex,667,22
ging3rtabby,654,13
kdjfsk,666,20
Lumpyalien,639,25
photonrain,637,29
sinekrah,614,56
ciras,667,13
RSThomason,674,20
ThadeousCheeks,627,19
transponder717,610,25
Fiskoal,628,8
otter111a,674,22
WhatsHappeningToMe97,633,24
uber-phx,659,18
longshot2025,629,9
blitzen909,654,10
pleasekidnapme,602,59
nbcte760,615,40
AMEFOD,657,18
ricar321,603,7
WhoIsBobMurray,681,59
nintendude7cubed,666,18
engesaurus,632,15
widdlyscuds420,670,33
niggertron9000,631,10
B0ssc0,689,21
SlapMyCHOP,642,29
notapi,676,9
coinpile,618,23
billyjoesam,618,21
Funslinger,685,30
Walterod,623,35
InternetToday_,679,35
NotSquareGarden,612,20
d_flats,665,27
VeeBeeEll,640,61
Cyanide_Kitten,643,11
voice_of_craisin,645,9
Nastyboots,666,36
cornicat,621,14
Bunneahmunkeah,617,10
saxy_for_life,631,28
Charakada,683,27
topper_reppot,615,11
sjkeegs,651,6
OptionalDepression,659,22
colin_2_fury,652,19
qasimq,614,18
kovaluu,653,26
jspost,641,13
amayzeekayzee,620,25
CannyGrifter,607,13
magusheart,670,20
wearethefreaks,652,15
Username41212,632,24
kumf,621,10
nz_21,647,19
RedneckAvengers,654,42
catching_signals,690,15
KlLLER,691,7
caudal_fin,678,6
whitebeaks,654,30
Briak,649,22
feared_rear_admiral,688,20
Dethoza,615,31
okthatswrong,665,27
miniturtlex,616,21
snowboo,623,21
garyconditsmistress,608,9
jnnnx,699,36
ILike2GoDownOnU,619,11
mieer,638,21
wbotis,607,36
Braska_the_Third,609,10
Eccentriclefty,646,17
ak-king-47,658,19
darkscottishloch,673,18
Sheikashii,646,24
Newtothisredditbiz,612,7
bored-on-the-toilet,691,16
Grolschisgood,656,34
akaZilong,636,43
IntravenousVomit,653,22
sadist-trombone,658,31
bluelinen,637,7
subpar_man,693,40
hiphiphurrayx2,662,14
thedudeabides98,682,56
Pola_Xray,660,48
flying_alt,672,14
PW_Rochambeau,670,13
AbandonEarth4Peace,696,23
missgiddens,615,18
AttackWithHugs,614,54
halogrand,652,10
neujosh,640,17
aneattreat,609,22
RedditUser0345,675,73
WN5h,691,7
twoscoop,629,42
Franksinatrastein,678,21
carrie2244,665,19
civgarth,618,57
OobeBanoobe,659,22
Cpt_Burrito,636,31
SuenaLaAmetralladora,654,30
angrybluechair,688,34
pepepenguin,648,14
Mephil_,661,12
LittleWho,625,6
NysonEasy,648,30
Sell200AprilAt142,690,35
Urthsword,697,75
Bobart21,620,11
oranjeguice,622,13
Mysecretpassphrase,660,14
McCock,684,29
Qwerkie_,680,21
ihateflyingthings,684,48
Lord_Boborch,669,16
Bachaddict,624,36
Running_From_Zombies,615,6
amy-ismynamey,647,16
odinknight,657,13
jackson577,616,8
CrackedGoggles,670,43
Phalex,648,32
furryballsack,634,9
speeduponthedamnramp,649,14
mongoosedog12,661,7
Always_Excited,699,6
GarthProoks,656,44
Smorlock,608,28
SandrinaValerius,624,17
Otistetrax,666,29
7BOomeRanG7,603,43
loadedjackazz,620,60
ambifiedpersonified,667,29
swiftysam,662,22
EonsEcho,676,42
croveans,680,8
Gbam,673,30
barntobebad,625,8
Omipony,663,59
djtrumpcunt,632,9
LurkerInSpace,635,12
jacobj89,680,15
Barrybran,620,21
RickySonogram,628,7
kaLARSnikov,608,22
NotDido,656,17
Aconator,620,9
Draskuul,633,14
avecessoypau,616,35
Pipewrecker,641,44
mattkrueg,600,53
DonJuanPepe,602,27
QualitySalves,666,21
lollies,656,24
iWizblam,624,13
VoodooPygmy,617,22
Foracles,669,16
Pag_Elodea,683,13
MeowAboutThat,645,26
ashmaer,600,16
anisthetic,653,12
one-armed-bandito,600,15
B3C745D9,605,30
NoBahDee,603,36
Phillypede,691,41
ladylei,644,11
haterhurter1,620,26
JeanLafitteTheSecond,632,25
DDJello,685,13
HulloFolks,661,69
rushawa20,621,11
Before_Plastic,640,7
Danfilmman,698,10
ptyblog,630,7
VoidKraft,679,14
NiceSasquatch,656,29
devilish_grin,639,18
dtmfadvice,635,29
EarlTheAndroid,601,8
Dragon_GA,603,18
pardonmemlady,616,6
lexiekon,684,20
omg_its_ica,653,21
riggyrigs,672,37
LemonConfetti,663,23
aballofunicorns,609,30
Cognito_Ergo_Sum,625,7
Tankbot85,603,23
AirBudd,648,35
mancubus314159,695,39
Irishperson69,611,18
Evian_Drinker,663,11
Thecactusslayer,605,7
SlowMotionSprint,605,17
ListenToTheStooges,673,20
part-timepixie,688,28
TheEricSwensen,699,29
SirSkiffalot,642,26
OvermanEVE,604,12
nabess,645,31
OopsISed2Mch,658,10
Aerowitz,633,39
already_vanished,640,10
Theblandyman,640,9
MasterChiefGuy5,650,23
Cruel_Odysseus,692,20
powerexcess,619,9
RagingRedHerpes,670,25
NyanMode,628,41
Friendly_Fire,691,10
thechairinfront,690,16
Das_Sensentier,637,12
DustRainbow,666,19
dztrucktion,641,49
Trent_Booty,664,12
Taswegian,648,16
BinJLG,680,27
TheRabid,639,38
Brodobe,630,27
casillasknees,642,23
Youreretardedmate,604,38
G-BreadMan,621,8
Chaos20X6,642,42
hickboy85,600,76
Murjar,670,23
Basi-Basi,655,51
mrcool581,662,41
Fabreeze63,604,17
Justin_Timberbaked,683,58
BlackjackCF,627,24
AsBilling,691,28
jls327,602,22
Arkmes,673,19
Piltonbadger,658,23
Wakata,604,25
pmurtittiesnkitties,625,13
HampsterUpMyAss,652,42
tropicalcamel,627,46
PersonMcGuy,653,15
comrademikel,614,15
FearDaNeard,624,21
Yeashowtimes,643,23
Radiocide,640,10
Filmrebel,690,9
Vikingdiapers,615,11
clayduck,613,21
su1ac0,632,17
Pigmy_bear_in_hell,681,117
iminyerbutt,611,11
Limabean93,620,33
jslusie,664,6
whatshouldwecallme,614,9
mightbdextersbrother,645,21
GachiGachiFireBall,612,44
thepurplefart,684,24
JayBanks,631,14
drpeck3r,700,22
mightyenano,687,12
nekoxp,696,7
TheMiniestOfLemons,645,21
Strikercharge,620,31
Gomonkeyrun,647,32
Ramman246,665,11
captain_chester,635,12
AngstChild,609,27
ebbandflow96,695,21
Tejas57,645,17
hampsted,664,10
darklotus_26,630,7
Sebow,670,15
thrashette,640,12
Zombyreagan,685,22
Pahzinguhs,604,7
Brym,621,20
Crowmakeswing,654,12
puddingpopshamster,648,9
BrainSlurper,672,21
ZobmieRules,699,9
Provokateur,623,7
Drowninginkittens,641,24
DrMeat201,670,14
Tokusatsu_fan,620,13
wutang111,695,13
mebeast227,649,15
christopia86,651,20
TruckasaurusLex,618,15
RevBendo,657,6
TheGoddamnShrike,695,16
SaneCoefficient,675,26
OggiBenDoggy,603,25
AlexanderVelinxs,603,19
lordjigglypuff,695,21
killerkram,681,29
Color_blinded,658,17
A0mine_Daiki,695,17
Rusky82,626,21
uncannywally,700,11
Ceasar_JL,671,48
ThatsMyHoverboard,649,49
jimlahey420,613,8
CrystalMenthol,605,10
foxymoron,640,20
AkRdtr,612,9
subLimb,656,48
TooFondly,678,23
THALANDMAN,697,11
JustAsIgnorantAsYou,634,12
HAHA_OOPS_I_SUCK,690,24
Pendred,600,17
ultimatt42,644,20
Manholt,680,17
RoastedHumans,641,44
spankystyle,616,7
Arcian_,641,24
lycanthrope6950,697,25
KimmelToe,619,52
r_ez,612,9
throwawayformeyupyup,655,20
honest_one_percenter,652,10
DrinkDice,671,34
Sacmo77,693,22
mehicano,664,20
quarterpost,640,42
taco-flavoredkisses,608,25
greenascanbe,665,30
Lippspa,680,35
Bubbascrub,613,9
SkrublordPrime,665,57
buttpincher,677,19
CaptValentine,652,21
EarlLeeRiser,636,10
claire0,628,13
cdiairsoft,627,21
neko_ceko,650,37
RA_Carson,604,10
StansDad_aka_Lourde,639,15
nerdenthal,640,51
xilam,640,21
propoganda-killer,621,20
starscalla,673,13
ScootR-,640,13
8648144,608,37
Lord_Boro,656,21
look_its_a_squirrel,613,17
Stylux,604,18
TOGHeinz,692,8
LaurenFantastic,688,32
bestnameever,624,13
argahartghst,618,13
lehrerscooter8,623,60
DPStallion,629,6
notxreal,620,35
MegaYanm3ga,637,36
ptanaka,688,34
books_and_bourbon,693,13
Mr_Fitzgibbons,684,43
DrFreekzilla,689,25
TheChurchWithin,673,23
Colhue,656,20
f00f_nyc,665,6
danthedingo,693,28
mitchy___,684,51
cstuekey87,665,8
aquaticpussy,655,31
turmacar,641,33
UffaloIlls,635,20
Daneth,625,11
RoboThePanda,652,24
deeretech129,646,26
uninan,685,25
HippieSoulPunx,620,13
discobanditt,641,6
JaegerBombastic731,662,23
ryhartattack,653,13
Elidor,612,18
steelerfaninperu,611,7
JoeNoYouDidnt,690,23
withoutapaddle,630,7
suddentlywolves,681,44
onelasttimeoh,649,28
Deplorable_scumbag,692,42
psilontech,642,16
TheStinkfister,675,18
randomkloud,646,46
Sunday_Born,696,18
Evillage,661,6
Camera_dude,698,9
Neurotic_Marauder,605,25
peanutbuttervraptor,639,30
justice_warrior,673,41
QueenShnoogleberry,629,12
WolbachiaBurgers,691,25
google_academic,697,43
Darryl_Lict,626,22
Boardwalk22,634,17
smaffit,609,17
chuckaholic,618,10
Sandyoblandy,632,21
GioDaddy69,677,22
punkrawkintrev,648,28
grey59,600,22
lil_nuggets,676,22
snufafuckagus,630,58
hippotatobear,663,11
Megasteel32,655,32
_Schadenfreudian,607,10
YandereYuno,678,27
Meh_McSadsterson,685,47
gansotonto,681,40
Lulumie,619,19
alwaysZenryoku,600,36
AnAcquiredTaste534,643,32
afterburner9,621,19
blanktextbox,682,9
Shamanmusic21,606,17
imrachelkarengreen,609,20
nowthatwasawesome,678,32
odesskiy,676,26
TheLastDiickBender,622,67
blackfox24,628,11
phillycowboy,686,78
AllTheUnknown,613,21
Zergged,685,9
Phayze87,618,9
quietlyacidic,651,13
quantum_of_quantum,631,6
Mrsum10ne,622,22
centralvapors,676,46
rs4lifebby,697,49
Anansi3003,676,27
vanillebambou,694,27
PLxFTW,637,31
Noob_SlayerOP,686,34
iFuckedJohnOliversGF,603,27
HolyDogJohnson,610,16
MrMacro,683,25
orhanGAZ,683,10
vfxdev,670,20
crestonfunk,627,17
Digz13,648,15
Kalishnakova,601,54
ccie_to_be,668,23
marvelknight28,652,47
chronopunk,613,9
BananaSplit2,652,27
Mrpresident42028,617,9
NorthernSpectre,678,22
4vfz2ps34j,666,8
DangleAteMyBaby,600,7
double-sixes,641,8
TheEstreetband,636,10
IamjustanIntegral,629,30
Mrrasta123,621,39
ban1o,633,19
DarthWriter,696,22
peach-ring,691,8
v64,689,8
Orgmo,694,27
alex27123344,643,21
taitaofgallala,639,6
matrixreloaded,625,20
GnosisTree,692,13
theawkwardintrovert,660,15
r0botdevil,629,25
philmoonamjid,648,10
Tyler11223344,679,36
RIOTS_R_US,654,33
avocadohm,680,9
JamesCrucified,611,11
captkrisma,696,37
Foothillsgirl,685,22
TellYouWheniKnow,681,21
Ramblingpirate,624,6
Paisley_hippo,619,21
Awkwardahh,694,15
drawnattheseams,642,15
ThisIsMyTrumpAccount,683,22
ddt-,667,16
Bionic_Bromando,613,17
FuckDaQueenSloot,699,14
angrydeuce,617,9
burntbacon001,637,7
Gaindalf-the-whey,692,56
osound,616,11
TuckHolladay,650,23
Flogman89,659,6
dolphinfarm,678,11
superhappy,687,18
Danse_Lightyear,668,10
soursteel681,634,36
M3cha,613,9
purplepenguin4163,682,45
GonnaLearnComputers,668,6
JarlBawlen,616,17
altodor,667,12
--VuDu--,628,17
_____G_O_D_____,692,22
AhhhhhRealMe,679,54
Major_Motoko,601,31
manatee25,636,9
freexe,691,23
99SoulsUp,667,33
Hofood,618,6
AintNobodyGotTime89,667,23
StableChaos,685,19
DC_Filmmaker,652,25
SirBackspace,634,39
FetusChrist,669,20
2000jackal,605,33
amaranthinenightmare,696,7
SnoopySuited,626,23
imalittleC-3PO,657,18
thornhead,700,27
AppleSapPack,649,24
HeyItsMau,649,9
ThrivesOnDownvotes,699,14
KamikazeWizard,647,9
A_Tout_le_Bong,616,30
NoGoodVeryBadDay,698,14
BioTeach90,643,13
WednesdaySloth,675,13
cyainanotherlifebro,629,40
no_its_a_subaru,623,23
CerebralPimp,665,35
PM_ME_YOUR_FISHNETSS,623,19
CaptainGrandpa,627,26
TheDoctorInHisTardis,679,26
ScarlettTheCat14,634,13
WittenMittens,676,15
Im_A_Director,604,33
HB24,621,14
Mondo_Gazungas,630,22
RustyBaconSandwich,690,33
MajorPrune,691,19
drunk_vel,688,24
linkns24,634,18
smych,690,30
Antigonius,673,7
trickynik,676,14
FIRESTRIK3,617,27
ChrisQzee,651,22
rednblue525252,667,40
RZephyr07,653,27
ann12321xo,652,18
i_want_2B_Groot,683,17
pudgethefishpb,613,14
InsertImagination,691,23
HairyWater69,614,27
Rosh_Jobinson1912,607,16
BobTagab,623,10
Kniles,690,8
TheSylviaPlathEffect,636,26
HittingSmoke,646,18
ijekster,613,17
turtlepanzer,664,7
Black08Mustang,667,20
mustnotthrowaway,690,37
MikeyTheShavenApe,602,22
guitarburst05,682,23
nmqsqygsyps,646,15
sugar_free_haribo,683,38
ganonthesage,628,17
stae1234,608,24
KBWars,679,21
novachaos,684,18
__secter_,602,15
itskyalnotkyle,604,13
Johnyknowhow,699,39
grumplstltskn,629,39
ClosetIntrovert,640,16
itoshinochancla,622,14
ploploplo4,602,24
throwawayforajackass,637,21
sexy_and_naughty_guy,649,39
ucbiker,622,20
kaiplay,628,34
Patriarchy-4-Life,692,19
RockWithOurCucksOut,639,29
Bacore,696,15
Cobaltjedi117,653,39
p3ng1,638,15
cwfutureboy,654,29
Skoma,618,15
brainwad,695,13
mexican_mystery_meat,653,10
A_Hobo_In_Training,667,11
Ashrod63,689,13
Infected_Lion,655,19
Godfather26,627,72
jaxative,697,18
JavaRuby2000,609,20
glassbeat,604,19
CrazedRaven01,645,23
Number6isNo1,696,11
piangero,656,9
Dogbin005,692,21
Loves-The-Skooma,651,28
hellhound12345,661,16
Larein,622,15
Ryuubu,611,60
BriXman,675,20
FarmerJoe69,700,25
redditron1968,618,6
retro_aviator,653,7
MisterWafle,660,15
McZanderson,613,10
RingAroundTheRose,624,11
thatonecoolkid99,618,33
_Cjr,678,10
DrinkInItMaaaaaaan,617,52
starzychik01,686,9
bwilliams2,624,10
Yoooooooo69,617,34
BORNintoMUSIC,624,19
rodneyabcd,622,26
daemyn,688,23
cawclot,626,26
Erisian23,689,28
FoxSanjuro,629,16
AnalJihadist,666,26
TheOne-ArmedMan,619,66
maewtt,617,33
WelshRasta,651,21
RoyalN5,682,18
hello_fellow_leftist,653,22
slowbrowsersarefunny,680,13
iamtheowlman,621,16
Dean_Winchester36,615,51
8337,689,15
dookieface,688,36
Krutaun,691,48
Thermodynamicist,657,6
ukojizai,657,29
BrokenSocialWorker,640,25
Kinda1OfAKind,663,14
SufferInYerJocks,653,11
DIABLO258,623,14
welcome2me,642,10
Vanitas_Non_Fui,686,24
BimsyClustercamp,695,20
ANotSoUniqueUsername,686,34
Ylajali_2002,678,6
wasitabarorabatisaw,639,21
Complaingeleno,679,33
k4aic,632,14
Tiny_Little_Arms,617,12
commandersheppard22,655,10
Mazwrath,614,43
Mobile_Profile,601,10
Susanavarro,609,28
FuneralWolves,659,28
wheel1234,634,36
snow0flake02,646,23
s100181,655,29
vealdin,656,46
brittdl,600,13
addledhands,688,10
32_Wabbits,658,8
KrustyDoll,679,13
ChangingChance,697,12
Givethedrumm3rsum,658,44
pleachchapel,650,18
clock_watcher,658,9
oboliskos,648,51
RoughRhinos,654,13
SpiritualButter,670,23
Winna73,675,41
PengPengPannini,646,6
iliveinabathtub,615,23
harmlangwerden,681,19
14_free_heli_rides,602,17
daddylikedat,620,41
you_and_whose_army,625,8
fortytwoturtles,680,10
Sylvancrest,608,6
polydad,659,8
4r7ur_IXI,690,46
Vik1ng,614,31
DeweyCheatamAndHowe,609,14
IcingNine,630,13
FondSteam39,685,68
Specter_Law,700,19
Scheduler,628,16
issuesmama,617,60
69ingJamesFranco,687,21
ej2k15,628,82
ckaili,669,6
ausernameilike,647,14
CoolAsAPool,605,17
KavelArabel,699,36
Bio_Zombie,610,30
SGP8311B,612,21
walker777007,617,23
boxedcrook,696,9
Deadpool816,619,7
TheHealadin,632,42
c3p-bro,600,13
thraelen,632,8
harvest3155,613,12
cantconsternthe_bern,648,26
Auto_Troll_Bot,624,17
Booberryrocvodka,641,16
S0G5,636,71
Kelslaw,603,36
voting4uSir,640,29
MarineByeologist,675,12
killingmehere,687,27
BlankTank1216,637,19
parkerSquare,631,20
rokudaimehokage,652,26
ChainedDog,685,26
timeforanewacc0unt,622,27
skylark8503,618,14
losotr,615,18
BertTheBrain,603,13
bitchyeah,612,24
Leanonberger,683,16
krystar78,615,19
smashingmellons,681,12
Verndroid,689,19
ArloJamesBarnes,610,15
The_Hood_Wizard,618,48
amgneth,661,15
Aeberon,640,46
Seattle1213,638,29
new_wave_hello,648,17
pop_ebp,632,15
Conbz,660,22
chodebrach,698,7
iSmileTooMuch,694,100
cykalone,635,52
thaiphamsg,671,18
kappaway,668,8
Dttrr44,604,21
FruitOfTheVineFruit,623,14
Nordogad,636,15
BlackSight6,690,20
MooseOnTheLoose84,683,19
brittnoose,634,25
Fiddles19,665,22
minion_is_here,601,22
thepredatorelite,611,20
Pixie79,622,29
CaptainMeem,637,37
Teomalan,644,30
I_lurk_at_wurk,615,11
theducker,684,24
Drunkstrider,620,38
feral_druid,668,19
Dogebrand,677,19
corkboy,684,33
SpookyGoatHouse,655,11
THEIRONGIANTTT,673,15
CuchIsLife,673,42
Jazzhands_trigger_me,625,14
thetitan555,679,8
pewdiepiemyguy69,640,44
Durandal_Tycho,661,30
PickleYourNipples,686,40
Kikimoraa,680,6
Steve4s85,663,14
tta2013,643,41
-Bingus-,679,9
Macphearson,611,14
TwisterToo,625,12
DonRobo,639,18
bleed_nyliving,642,13
LethalFortune,687,35
MindReaver5,684,16
e_z_p_z_,600,6
lemonfluff,643,25
Speednuts,627,9
purplecorndogs,603,30
abobtosis,600,18
PredOborG,608,10
Xeltar,650,15
ano1batman,605,17
2ManyToots,619,9
xdonutx,604,12
Curry4Three,601,6
xkennarose,659,13
The_Quibbler,618,21
Kavzilla,601,11
BrickGun,601,19
comfortable_slacks,626,21
vintzent,604,8
YMMVSPSFD,621,13
biniross,640,6
bluntedaffect,653,27
DrDoctor13,624,9
sneakyequestrian,627,7
Mighty_ShoePrint,631,15
stphilistine,693,16
lsukittycat,611,12
colorfulmusic,636,14
antaran,607,8
Caz1982,613,26
Prisoner-of-Paradise,676,26
stonecoldsaidwhat,617,15
slade_wils0n,649,6
kongu3345,660,37
Tenushi,653,15
lightknightrr,646,10
rbysa,697,22
part_time_user,600,8
RondaArousedMe,676,20
naivoder,612,18
potatobac,614,29
lossaysswag,603,17
BlankZF,639,8
tapperD,690,47
hryjyhherh,699,12
Delita232,611,29
theflyingbrant,651,38
MrBrawn,658,34
siren_blue,692,19
Chinese_vpn,664,61
iDeZey,686,45
williepete_,619,30
Fraenira,668,10
TheGoldMustache,601,21
LucyLilium92,622,45
BigusGeekus,650,87
FlyingPhotog,617,13
myballsarepink,634,26
LesserCurculionoidea,665,8
silveraith,641,38
sparkingwiggles,608,35
tskapboa78,690,21
oppositeofthrowaway1,689,20
jerryprant,683,11
dantepicante,636,21
sho19132,602,16
malliox12,653,9
GGBurner5,642,9
CertifiedFucB0i,600,9
Sissorelle,656,11
tinacat933,665,35
SAHMtrysReddit,676,22
I_ONLY_DATE_PATRIOTS,608,64
avianaltercations,673,6
PBPNG,659,8
UnStricken,619,15
dontyousayheptome,687,28
thejazz97,605,31
DozerRex,620,18
The_Genre,604,11
Dumplump3,638,8
Kiserai,610,15
iPeeLavaLampGoo,679,15
MandoSkirata,673,15
Geaux_Cajuns,640,8
agangofoldwomen,677,14
ilikethegirlnexttome,675,19
throwawaycatsop,601,20
Dirty_Fireball,615,6
LegendaryWarriorPoet,659,12
ThrowawayCars123,670,13
degenecrat,619,21
Skadota,632,20
ZeusLovesYou,614,13
anon380,700,16
wolfington12,616,38
EnigmaticAmarok,642,37
TurkaTurkaJihad,668,58
Tintcutter,657,16
WorldSmith2,614,40
m_mf_w,617,26
cmaronchick,641,11
kgreyhatk,606,11
SpyderEyez,673,30
FunQuestion,620,16
Tammy_Tangerine,645,9
upstateduck,614,22
x3sonjae,654,21
artemispanties,630,18
polyoptigon17,676,55
PsilocyBen19,632,26
BeardedSeagull,625,27
Rose17Crawford,608,8
dorsal_alpha,659,33
RiparianPhoenix,646,15
Dyson6,612,17
InquisitorGrand,613,30
Heisenberg2308,639,20
cisheterpatriarchy,693,75
j_cruise,666,32
salvagebanana,700,35
Cricket-Jiminy,672,17
TheWritingWriterIV,675,26
BrodorNSexGodPod3way,697,12
BadNerfAgent,621,30
scarletbegoniassmm,607,8
fyrefocks,617,24
jonzezzz,676,36
LordSwedish,680,15
OrangeAdventure,651,40
TheWeekdn,699,38
Ancient_Lights,666,18
daOyster,692,17
63425,637,18
drf129,608,11
-powerfucker-,656,19
G_L_J,673,11
Keener1899,642,11
Madlydevoid,637,24
Kraggon,676,30
TheJollyTrout,685,59
de_la_Dude,645,10
whydobabiesstareatme,628,13
mail1118,637,44
free_candy_4_real,602,45
kittydentures,600,11
MarcusDrakus,653,27
ObfuscatedMind,629,19
Zetsubou51,652,15
gfarr5,679,46
Live4bacon,690,42
Kai_Notice_Me,629,25
29_of_me,688,24
jesuz,600,43
PolarisX,628,11
Eshyj,632,23
coolasacurtain,639,27
musicalrapture,643,17
Yetsnaz,687,33
BestUdyrBR,626,20
Pro-Patria-Mori,680,15
DangitImtired,683,11
0dyssia,683,6
swimfast58,601,25
Woodsy2575,601,33
35383773,634,15
FoundAll3_EHC,685,10
PurpleMaga,608,12
hashtagsmoreos,669,32
stormguy03,677,14
MrNewReno,654,10
navenager,684,10
fuckheaddonald,681,33
SquirrellyBusiness,682,7
caketime69,643,10
Arkanians,699,37
babyfarmer,665,44
00fruit,615,22
madsharter,690,43
Fidoucheiary,616,26
interfail,612,24
h2man,698,13
CantMatchTheThatch,661,27
Magagtrfan,655,65
philipcarl3,644,19
ZenMasterFlash,608,36
Tahl_eN,638,19
InternetKingTheKing,602,6
Catswagger11,674,13
kitttykatz,623,12
runetrantor,634,23
pr1mus3,637,36
digitalOctopus,653,8
Stinkybutthole699,693,6
Shonuff8,674,35
INTJustAFleshWound,612,17
msett18,691,19
GremmieCowboy,622,30
seriousgeese,649,6
Roach-less,651,17
audiomodder,607,11
mcmoonery,665,25
doxpera,689,6
DarthPlaueis,689,7
Magneto505,664,17
Blaustein23,636,11
GINGERnHD,642,13
IFearEars,603,53
Sega32X,698,49
MRB88,688,21
chayashida,697,8
Aardvark_Man,675,20
ClarkWallaby,681,30
Do_Not_Go_In_There,656,7
akashb1,659,9
Hopscotsh,695,24
Rekkukk,619,47
soulofhan,653,19
TheFlashFrame,684,15
_Decimation,661,62
metamorphomo,677,16
ArthBrah,664,15
nipplesaurus,657,31
PandaGrill,630,17
honestlynotabot,661,29
texastoasty,639,26
MasterBalsac,631,33
WaldosHERE,691,15
Trinilos,665,10
brodoswaggins93,662,20
huktheavenged,602,77
GameDoesntStop,684,21
Mantisbog,643,49
mr__penis,624,40
jon1746,625,17
StarshipFirewolf,681,35
riaveg8,673,23
TheMilkJug,667,9
ChulaK,668,27
wileycoyote111,700,7
Thirion1,655,38
ruffledcollar,675,21
RepubliKin,631,16
SordidHobo93,612,20
fledglingequation,658,17
Nwsamurai,676,37
Regendorf,654,17
ScottTenorman54,651,14
TheClueInTheOldBook,676,7
Originally_Realistic,669,26
helpfiles,678,17
hey_sergio,663,34
The_Fax_Machine,639,13
Akronite14,637,8
CitrusFruit,639,9
meesersloth,691,12
maluminse,636,33
PM_ME_UR_WEIRD_HOBBY,668,36
mrfrobozz,641,15
Nicklefickle,624,27
dexiansheng,601,26
Zabbzi,600,20
FaptasticMRFux,635,35
Pantarus,653,7
Dariuscosmos,686,20
eltgreigh,605,17
PedanticPaladin,608,13
organizedchaos5220,679,44
blackwaltz9,607,11
versatileRealist,695,19
huntingtonpalace,616,6
calebmke,625,13
WhiskeyT,700,43
LumpyShitstring,673,18
10d1,687,23
Howlingz,691,16
xbyvjskpcsyb,664,34
fast_cherry_bomb,641,14
george0359,660,22
ZDTreefur,656,38
SexTraumaDental,642,13
spclneeds,625,7
the_girl,602,12
Superbuddhapunk,634,36
RedhairedLemur,651,24
BobTheBanter,655,15
MongolPerson,681,17
techmaster2001,621,23
trump_rises,690,50
Justice_Prince,608,35
katie4,604,7
WhatIsMyGirth,662,42
emoposer,685,30
Abandoned_karma,626,24
CoolHand_18,614,7
EnergyHealer257,682,61
kleo80,601,49
SwimminWithDaFishies,615,78
MrBrocktoon,659,12
thezlog,613,14
imarchedforher,612,18
Kjmcgee,655,14
nightcrawler616,631,47
dbadefense1990,627,20
geodebug,607,21
PM_ME_UR_ASSES_GURLS,646,16
sEntientUnderwear,635,19
photosnotpotatoes,691,13
TheDFactory,636,10
USUNFK,663,12
pizzabeagle,611,12
voltagenic,674,14
PseudoReign,669,17
RatherNotRegister,700,11
drkstar00,601,13
holyguacamooole,664,18
neamhshuntasach,699,11
King_Cobra_53,668,15
WizardOfTheWastes,647,26
Calloutfakeops,648,10
KissTheFrogs,607,42
AllYrLivesBelongToUS,674,15
sushisuiside,619,34
Scolopendra_Heros,600,13
Leapfrogunicorns,626,14
potatorunner,659,18
Tapeworms,699,23
coldforcalifornia,677,11
tiny10boy,677,41
ellygraceee,612,7
Regelope,670,23
teeejaaaaaay,685,21
Canadian_dalek,615,91
damselindetech,686,22
liquorlanche,671,20
jhouston85,668,38
thematthewad,632,20
Renegade_Winter,607,9
LuckyLich,687,16
MipselledUsername,681,29
Bigflightlessbird,686,17
uItim4t3_hunt3r,661,25
pizza95,698,26
SmegmataTheFirst,692,9
RememberKoomValley,670,14
sturaberry,640,20
VanshngMedtr,671,14
ben_is_the_chosen_1,678,21
robo745,614,27
Mr-Personality,614,10
Jaxel_MS,626,40
McStaken,603,7
Audiblegleam,700,23
terrierspointyteeth,652,11
revolverzanbolt,692,26
spottedbearcat,693,20
scrubnoppon715,682,7
MSD101,619,7
lordreed,613,32
Tankmin,684,14
troubleswithterriers,669,7
zamfire,655,39
FvHound,664,30
Efrajm,634,20
AleksDuv,678,7
FG_Rattenborg,630,29
bushrod,671,21
BerylliumMcRadius,631,13
IDontItsCinnamon,611,27
joe579003,687,44
FaceplantStu,689,17
Narradisall,648,27
P-d0g,637,14
StChas77,654,24
Sindrosan,647,24
Words_are_Windy,658,18
psaeudia,642,7
clevelandrocks14,692,25
nonamenumber3,689,18
AuraXmaster,624,16
s0m30n3e1s3,655,18
samsterlicious,658,47
GodOfDumbness,693,20
MSZ28,655,14
CrashedonMars,659,47
Actualprey,621,11
TaylorSwift_Eats_Ass,609,58
TieDyeTilliDyeHigh,694,14
bignuke87,659,14
brokneye,681,12
Koiq,688,16
CliftonFrancisco,609,33
DylanCO,659,14
ClusterFSCK,640,13
TheFlyDutchman,657,17
lIIlIIIlIIIIl,656,11
toyskeleton,681,27
I_Effed_Jenna_Haze,606,21
joshcart,652,39
TerryTibbsTalkToMe,602,22
sethben,686,15
TheMonkeyButcher,654,24
largecockhole,699,24
Turdmuppet,608,85
mattness09,609,39
ip_g_chodder,660,12
Cut_the_dick_cheese,670,27
bigmashsound,687,48
Synochra,648,13
Long-Night-Of-Solace,677,22
IArgyleGargoyle,615,31
spacetug,607,26
sinsehlovher,630,33
Albino00,610,33
Bozoman500,603,17
ArkadyBogdanov,652,15
xcalibur866,644,23
AlesioRFM,616,22
Ipowerwashmyasscrack,619,19
sugr_magnolia,630,8
eggsonpizza,645,33
zzzaway,699,39
Commando_Joe,626,29
Shangheli,697,29
Triassic_Bark,657,32
bgoody,606,27
lazyfoo3,638,20
FalafelforAll,652,76
paganpan,683,16
Derpazor1,687,70
MylegsareOK,693,8
zuruka,687,18
MultiTasker33,630,24
ChristAwfulSymbol,689,13
Lasdary,622,24
arod1969,649,22
heapsp,692,10
Notmywalrus,672,29
Eonadari1,666,47
myth1218,635,27
harlottesometimes,674,18
josey32,608,21
gadgetguy606,606,12
dayoldpancake,623,17
Don_Julio_Acolyte,696,9
Tea_EarlGreyHot,668,25
AtomicMC,618,40
PragueLandRace,608,50
JakeArvizu,673,27
Rhexysexy,662,13
c4virus,617,14
Damie904,621,13
ICantTyping,619,33
PhilosophersLegacy,617,33
kiwistrawberryxp,643,63
LonerActual,618,18
NinjaRedditorAtWork,699,25
InvincibleAgent,676,39
Akruhl,669,36
chrsblk,685,18
pudding7,627,24
shawn77,624,22
Foxy_Squirrel,626,7
Dr-Haus,683,16
DrynTheGanger,631,16
bifflewall,667,36
Markzg1776,669,7
Midorikawa94,683,76
SouloftheVoid,658,23
ShitpostForFree-MAGA,659,45
Dark-Ganon,652,15
padiwik,608,12
mexicodoug,621,18
GoatBased,622,18
LargeMonty,654,44
sourdiesel5280,683,17
politicaljunkie4,621,16
ModTheTerrible,645,14
DynamicBeez,662,15
SirLeos,640,16
evilpeanut,690,27
argeddit,613,25
Forvalaka,666,36
Stuntdawg5,668,14
jbsinger,603,20
lurkeyoulongtime,602,66
JackVarner,661,33
cuddlepuncher,631,17
MaNiFeX,672,30
xxjar3xx,612,35
ikeif,659,18
long_dickofthelaw,662,7
More_Jeffster,643,17
Tommysw,621,8
XanLV,626,24
BasedPatriot2016,641,42
dangerstar19,604,12
le_munky_face,696,21
kn1820,645,28
veganxxx,603,34
qpm5,659,13
EccentricFox,606,23
mnibah,641,17
Bsteves91,623,9
-Cliche,620,7
Swiffermom,654,41
issybird,631,16
dontmentionthething,637,12
mollypop1996,683,42
RenoMD,628,12
Peter_Panarchy,657,11
Mysterious_Andy,686,27
heyasfuck,629,32
TrudeauGotPlattitude,606,18
Hemmingways,687,22
SensualRapist,602,21
chikenjoe17,668,11
tonilene,653,24
Aristox,643,34
4chan_,681,7
flightlesswhitebird,634,24
HayesCooper19,676,18
i_eat_mcnuggets,683,17
debridezilla,665,27
deaznutelanutz,671,52
Willduss,638,15
hazie,644,26
Starfire66,641,24
bennwalton,605,9
cocorebop,650,12
Alex470,642,17
damicks,649,40
Evil_laSaint,647,22
FireLordEustace,605,14
ShirraPwns,612,14
anskuu,682,13
trevors685,670,46
ElGrandeCaulk,677,24
MrEvilNES,618,36
serafinapekala,694,12
wheatfields,661,15
lightgiver,645,10
yamajama,616,13
slowfreq,601,19
PM_ME_UR_BIRDFEEDER,619,39
AtoZZZ,634,23
AuburnKnight,642,25
burnburnburn,620,23
hedgecore77,677,12
Flailingrabb1t,634,13
Leidenforest,679,8
Soviet_Cat,663,15
ufnfnfj7,663,106
physalisx,699,28
Throwjob42,600,22
VuSu,612,75
fffan9391,625,39
jb_in_jpn,638,26
letsMAGA,640,31
WhiteBenCarson,631,31
Yabbaba,650,30
WobblyKnok,636,10
white_wee_wee,634,36
tzei,649,6
thebuccaneersden,647,19
gaytheistfedora,693,9
Themaline,605,11
TheAnomaly85,622,19
kougabro,641,17
Professor__L,665,21
LewfKrad,622,15
Zamyou,649,21
Ag3nTTeresa,679,18
BatMasterson5,667,38
Yaaa-Boy,640,21
JamesEynon98,626,7
cold_breaker,618,10
ithinkitsbeertime,649,14
DontMessWithTrexes,617,20
ANTIFA_IS_TERRORISM,675,53
IronTitsMcGuinty,664,17
jcob,675,18
Jaerial,700,18
I_Am_U,669,8
Unable_Request,649,18
crunchyloam,688,33
broccoliKid,680,32
Chardy19,608,7
Superman8218,697,17
SamGreenaway,684,19
Bastardly_Poem1,616,13
Coolthulu,611,16
brentathon,610,8
jesusgodmorganj,645,16
swingin_swanga,655,12
ekforlife,654,10
mrp3anut,645,16
e-wing,609,8
mynameisfreddit,644,27
o00oo00oo00o,695,18
Azurewrathx,623,11
BrickySteamboat,605,16
DanielAnteron,689,11
silversapp,651,27
KingDeath,613,6
SlimDirtyDizzy,638,19
commandrix,684,15
TheRealUnicornSalad,628,11
badrussiandriver,638,30
scottyis_blunt,647,16
temptags,620,6
Eventually_Shredded,627,24
jinpop,641,15
RustledJimm,692,13
T-Cosy,648,13
daveinsf,637,15
TarBallsOfSteel,648,10
redpoemage,605,17
spent__sir,691,12
DarkHeathen,686,6
icybluetears,649,51
iKickComputers,631,7
Leftistsaresillygoos,699,17
Minthearena,675,38
owningmclovin,629,31
Arkanin,606,9
KeySolas,628,32
justihor,632,16
euyis,644,13
GoldfishTX,692,15
LazyTheSloth,672,59
sirreldar,652,14
Katogo,600,12
DaedeM,694,16
LilSebastiensGhost,680,26
bummed_in_md,618,11
ImReallyGrey,662,21
brassonion,655,25
coberh,626,26
kragmoor,658,23
megashadowzx,660,8
therob91,683,16
ScannerBrightly,616,40
cowsmoo,676,9
paperclouds412,618,10
fukton,630,59
catjuggler,612,14
Syllygrrrl,678,35
jacob2815,697,19
monsterinacage,700,16
tinkthank,628,20
IGottaTakeATrump,658,13
BloodBlumpkin,667,23
TheonGreyboat,660,23
legendofzeldaro1,634,21
Aenonimos,660,25
Jackdoesderp,661,6
Luepert,680,18
SerBarristanTheBased,648,19
Decaying_Zombie_God,633,11
A-trusty-pinecone,665,20
Baby_Powder,661,22
maximusGG,690,25
FapMasterDrazon,681,20
johntempleton,648,10
XXVIIMAN,626,54
I_am_Nobody_Special,685,17
Aegi,664,25
0OOOOOO0,640,61
almondbutter,667,21
Disputeanocean,700,17
dixi_normous,691,9
ZimeaglaZ,679,11
amnesiacrobat,651,15
ShowMeTitties_,654,15
SlenderXP,623,29
westsideasses,687,31
PlsHalpHowToFashion,600,16
FuzzyDunlop91,621,23
Applejeans,676,16
BackInVietnomnomnom,663,6
overbread,687,45
P5ychoRaz,670,26
PhReAkOuTz,668,27
SomewhatReadable,655,19
davidwinnipeg,614,38
peachyfuzzle,687,21
under_my_hat,666,9
Alfapike,685,19
TheRealR2-D2,639,42
SiriusBlacksGodson,689,16
Joonmoy,689,22
Hacon,659,10
ToastableToast,619,26
CodeOverflow,618,13
Bladelazoe,617,26
freeTrial,627,26
DonaldBlythe,623,23
Better_Call_Salsa,696,14
Constablegarden,662,29
drivec,612,19
RyanTheCubsSTH,650,14
Onespokeovertheline,689,19
hisoandso,696,17
Infymus,646,23
JimmiesSoftlyRustle,649,22
nobslol,661,16
scelement,679,14
thewildpacific,627,20
IamAngelInvestor,644,9
RSPhillips0502,628,11
theender44,657,18
Straight_Ace,623,16
liamo1882,636,8
shadeygirl,644,12
BrofisterX,679,8
RachelOdette,676,12
MinnieMantle,661,32
TheCaspica,684,37
saulfineman,675,54
Cobaltsaber,605,21
Shrek1982,643,23
kidriverbug,641,15
Gat_is_Cray_Cray,614,80
Dudelies,625,7
mostlyrelevant,629,19
LonelySnowSheep,671,16
Wave_particle_theory,654,9
PM_ME_UR_AMMO_RACK,613,9
JonstheSquire,682,18
waste_of_t1me,656,35
nate0590,682,39
PerfectBurrito,623,13
PunTC,635,52
Numanoid101,627,11
shadowgattler,624,32
thewidowaustero,629,9
MissTension,673,14
die_caesar,673,40
punkyslut,687,13
Etaripamai,601,14
libertytrigger,631,40
Trump_is_a_bitch,617,32
MediocreContent,655,21
rndme,645,7
4ndr0med4,675,8
Inji,611,37
RipThrotes,648,24
schlongofgod,688,32
Rosencrantz1710,687,44
Neologen,674,23
demoux,604,19
MkXIX,661,10
MuradTaher2001,638,32
MrWeirdoFace,632,22
hornwave,626,26
iamnotparanoid,608,17
timeywimey207,605,16
Jon_Boopin,641,23
Bradyhaha,681,32
Apollo908,604,10
ColonMockery,680,17
Blinkskij,670,12
PilotDoku,674,29
jarspars,619,20
pivotraze,665,16
MrShape,609,24
Chocoltacol,664,32
LobBobBlob,639,14
TheShyPig,644,20
SpicyBanana-017,638,83
ShuumatsuWarrior,603,15
Trickelodean2,630,25
Panchamisrude,615,36
bhirdy,664,24
tinyirishgirl,613,39
meylina,608,29
FesureMaybe,669,16
BelligerantFuck,698,11
buntopolis,638,15
tek56,627,30
badabingbadabaam,607,14
meatbag11,686,14
actionheroname,621,36
PM_ME_YOUR_TABLECLOT,625,6
qwertypoiuyguy,601,9
patriot-pete,601,33
CeMaRiS1,683,27
malachai926,673,14
BuckaDoe,629,42
msur,632,13
PM_ME_UR_ED_M8,677,63
fubbleskag,660,47
VerneAsimov,636,17
greg399ip,686,14
A-Seabass,648,18
FISTED_BY_CHRIST,638,30
maxline388,699,22
CaptainJingles,605,23
mikeyriot,666,52
PhaedrusBE,612,22
A1VE,646,26
BarafuPoaa,660,23
ThrowawayButNotTaken,636,17
E1996L,667,47
GroupGuide,617,7
serracorwin,683,8
suziesusceptible,636,9
BigHoffDaddy,668,11
SancteAlbertusMagnus,685,34
BrassBass,645,11
Ominusx,669,9
cyboii,611,7
Whiskey_Weed_Women,668,7
jamesrt2004,612,12
Snowpossum,625,12
apexidiot,605,38
canad1anbacon,635,21
god_of_poordecisions,645,12
workaholic_alcoholic,670,13
Feverhorse,649,16
niftyfat,605,10
PM-ME-YOUR-PETS-GIRL,662,19
mullen490,682,21
What_u_callme,643,28
KoalaCubed,631,51
saveatreeburnbibles,624,38
tehwankingwalruses,695,28
Armalight,657,22
forteanglow,671,11
akornfan,671,23
piglampbottle,650,9
Aarongamma6,625,19
Subway_Bernie_Goetz,642,18
ArbitraryOpinion,617,12
BlueShellOfMisery,675,51
njboland,673,10
Ghardener,696,28
suegenerous,607,31
crashhelmet,648,7
HarleyQ,638,9
superchurious,612,9
Hood4Good,600,35
Morjor,629,39
mrjinpengyou,604,34
SwitchesDF,654,42
sonsol,692,12
Livy_the_Modern,697,12
fakestamaever,683,25
chocolateaxeguy,679,9
ccl28,684,43
Poobslag,660,12
FitzMacaulkin,646,60
spamman5r,672,16
FellKnight,645,35
adlysn,635,35
Win_Sys,629,15
alos20,673,24
Lynchton,640,17
whoshereforthemoney,693,25
111691,672,8
thegarebear1,669,39
InSigSauerITrust,641,13
Dracklfaggot,686,14
rockytop9808,612,15
NoNotHimAgain,623,65
belongsinagarbagecan,661,40
DarkestBeforeThe_Don,677,87
rea_lin,681,20
Silentwidow,638,10
_Donald-Trump,600,35
Menism,610,37
EndersScroll,677,10
TwinkleTheChook,606,8
TsarPerhaps,691,27
seahawksgirl89,615,17
gammonbudju,633,16
Dralzna,627,9
CageFightingNuns,637,22
cantadmittoposting,678,22
iDetroy,605,16
dustbunny88,687,22
LJHalfbreed,665,14
LtVaginalDischarge,686,20
really_redundant,616,25
kokvlad,665,31
SimplyCapital,638,44
somethingpunny2,664,10
anonymous_subroutine,700,20
appleschorly,653,10
willashman,656,10
cptsteve21,629,46
Vangelic_Oddity,654,7
bigDean636,633,8
Defends_ForceAwakens,648,21
ceruleanohara,693,12
hebsevenfour,692,14
LiterallyHades,659,46
OnlyListensToSlimK,620,10
PapaFedorasSnowden,687,11
miesvanderrohe33,613,14
Under25BMI,659,33
Senious,700,28
chickenboy2718281828,601,13
LAMBDA4000,679,19
MiniBoulder,612,15
Mageman603,670,20
rfxap,675,12
RebbitDan,645,39
Shima-Pan,646,13
ClickEdge,621,29
xyinwonderland,699,22
Laxziy,681,23
willdesignforfood,644,25
lejohanofNWC,694,19
theperfectelement,612,10
mistiklest,615,12
exiledconan,654,20
Eclania,635,16
iFrozy_,627,33
hivoltage815,667,15
Whackjob-KSP,652,20
moosology,683,26
Theravenprince,623,14
WiseWordsFromBrett,617,55
AthenaWinslow,694,11
football_rpg,676,26
Rednartso,641,17
van_benson,611,25
King_Bronn,637,24
I_Poop_Sometimes,677,13
BAEsshead,610,28
chary5325,697,25
strawberryblueart,625,26
thrilldigger,639,15
Furycrab,612,6
raised_by_wolves__,604,21
Jizzmaster3000,646,38
Sapiophile23,693,16
JustLookingAroundman,636,8
OmgSignUpAlready,670,10
DeerPunter,624,14
seabass4507,689,18
verostarry,668,18
386575,620,23
johnlavolpe,629,19
ItCameFromWeston,657,14
clocksarebig,668,11
capitolsara,634,13
skgoa,638,23
9D_Chess,615,21
skaz915,697,50
AliceOfDragons,654,15
jrandom,610,27
FinalMantasyX,698,19
Zenblend,626,46
WR810,614,54
AStormofSwines,681,44
sdvor104,692,71
gravityapple,604,15
princesskiki,629,21
kgbg,695,7
SFBushPig,636,29
brahmstalker,616,46
chickenchowmain,620,21
RumHamDabMan,613,13
dr_mcgillicuddy10,638,28
CommanderInTrump,636,37
AwesomeAsian,636,13
toopen22,631,27
JDraks,675,67
kimberrsaurous,685,17
ShnarlyDude,632,34
BlackRobedMage,666,12
MetaSoshi9,648,6
omnidirectional,610,10
Phillile,673,25
AllRoundAmazing,698,82
djabor,635,10
not_ur_avg,629,20
justtypingsomething4,653,13
Cosmonaut_Kittens,661,18
Great_Justice,608,9
Remer,634,11
Tenacious_Dad,689,33
Mods10,678,25
alfred725,617,6
nnyforshort,689,23
mr-prez,699,22
jane_90210,631,27
number9muses,640,29
JLT53,603,23
mega_extraordinaire,627,71
virgincantdrive,632,7
Kizrock94,666,42
Awesometom100,611,14
LuvvedIt,690,37
VindictiveJudge,678,24
SKizzleAXE,634,69
Unconquered1,695,29
YoungGunNumber1,664,34
franky_emm,695,18
FuzzyCub20,652,35
WillieStroker,692,15
white_butterfly1,652,16
HiltlerWoreAThong,632,18
taylorjonesphoto,676,9
johnhardin166,601,18
Bartelbythescrivener,688,13
once_said_blah,695,39
Plusran,612,28
spacetimecommando,694,10
ibeatitonhard,633,24
philbeck,637,39
kevinhaze,641,27
ThebesAndSound,631,9
panelrodder,697,26
thisisnotmyrealun,675,10
MakeAmericaVape,647,37
D3qTV,614,60
Howdysf,614,52
LaxBrother,694,19
Narrative_Causality,690,29
cjs1916,648,24
estrangedeskimo,687,15
Kipjack,611,37
dropEleven,613,12
ILove2P00p,689,38
Fenrirsulfr22,682,15
yarnowl,699,15
theGUYishere24,632,21
slaylay,694,19
ishicourt,677,9
bino991,659,18
SluggishJuggernaut,620,38
ArandomDane,673,13
j4kefr0mstat3farm,626,38
limpinfrompimpin,687,40
drogean3,624,43
fundayz,604,19
aerospacemonkey,607,22
Zerkerlife,606,21
RogerTheAlienSmith,612,48
QuezetacolsArmpits,688,6
izumi3682,670,11
Silly_little_pet,682,12
MajorWindowPane,612,9
Vektor0,656,12
Seraphus,655,17
CodeWerdPynaplz,634,22
SeriouslyHelpMePlz,664,16
mrjordann,652,70
Hotal,625,7
MaisieWilliamsVagina,663,27
tusig1243,629,24
thedrivingcat,631,16
Hemotoxin,629,12
nutbread,690,57
AisforALERT,600,20
SkeletorLoD,695,17
norkb,653,19
Gods__Accident,605,40
DemonB7R,632,12
arcturussage,604,14
talyn5,606,61
CND_,651,29
iadd,613,35
anthos_hero,625,24
heyheyhey27,669,29
IdenticalThings,695,18
Pigwings6,632,14
darkspine509,639,22
BragaSwagga,665,14
gertthedot,663,74
TheDude-Esquire,671,13
Beer_Nazi,607,22
Wilhelm_Amenbreak,684,46
alfredhelix,687,42
apetresc,679,10
GumAcacia,663,30
starfucker93,672,21
raflbomb,697,23
Tron1641,617,23
Joachimsthal,693,64
knifeoholic,683,17
CarterDavison,661,42
internet-arbiter,687,20
bellrunner,688,12
Donavato,700,38
pdace89,609,8
NicksStick,675,14
chinese-mustard-owl,700,22
LususV,639,15
Maethor_derien,622,10
2amIMAwake,609,19
h83r,687,39
pinkponies7,655,15
relevant_furry_stuff,670,15
erst77,624,7
mstersunderthebed,671,14
alm16h7y1,693,16
Suburbanturnip,616,26
Claytonius_Homeytron,656,10
Goiyon,623,10
pinkydolphins,653,21
CrackingYs,618,36
russianpotato,631,24
AreYouMoistYet626,634,12
Guy_stuck_in_the_80s,680,18
NiMkoTlaGi,677,20
KnowBrainer,697,26
PaperClipsAreEvil,662,10
dtwn,633,12
dakkster,678,29
wtfdesade,661,72
boskee,608,10
YodelingTortoise,653,11
lebastss,613,9
LeoInterVir,679,22
savoirvivre,607,7
Aobachi,684,35
MrM0bius,694,12
bombalamb,669,36
newaccount,651,21
sokkas-boomerang,643,40
Civil_Barbarian,633,35
Griffie,603,35
TheLittleApple,613,7
WhiteandNooby,606,30
calebfitz,626,28
CoastalDistractions,638,12
1_deplorable_sob,664,28
Gaming_Dildos,688,11
Amm0sexual,626,45
1980sumthing,612,14
TurningLeftonRed,604,22
JohnV199,667,33
gticket,612,12
RedshirtStormtrooper,643,12
basecanadian,607,45
spock1776,638,84
TheLawlessMan,683,15
yetty4ever,624,6
coy_and_vance,635,9
mantuamom2,678,17
Thunder_Nuts,607,43
TerminX13,683,24
Sleepyscumbag,645,10
KindOfASmallDeal,601,20
humans_nature_1,655,24
wurdspoken21,661,8
falling_like_flying,683,31
jenbanim,612,24
raskolnikov88,608,50
rndmvar,680,45
ZombaterVX,687,9
lawlsnoballz,641,8
rider_0n_the_st0rm,662,41
robbiemallett,647,15
tehclaw14,700,10
ClownFire,652,11
CasualFridayBatman,603,23
Saskyle,669,25
DJT4EMP,682,19
incaseyouforgot99,647,24
WannabeGroundhog,629,22
Poko318,622,16
Fuck_Mustard,648,35
GrizzlyRob97,652,38
A5H13Y,604,17
poop_toaster,620,32
Kinkzor,666,14
poliguy25,698,21
ViralStarfish,635,14
UsErNaMe-NoT_TaKeN,662,49
permanent_denial,616,29
atasteofpb,638,13
Doctor__Apocalypse,603,38
thief1434,689,70
Chillangilo,617,9
MrGelowe,674,21
Fr1dge,699,24
Stank999,614,11
JacobTheEwok,607,12
nnjb52,603,19
CynicalStubs,669,14
Marysthrow,603,18
DayDreaminBoy,647,7
SirDigbyChknCaesar,699,37
JGStonedRaider,624,34
luckinthevalley,621,7
pouch28,661,19
union_jane,647,19
M1KeH999,649,14
Ghazgkull,640,23
Xahtier,617,13
2cmac2,662,14
G-III,638,13
derfergster,621,7
olig1905,666,28
sir5ur,622,7
BitchesQuoteMarilyn,667,7
BlowAndHookers,679,7
lasserith,635,7
themuffinmann82,653,35
SeanOuttaCompton,603,19
dryingsocks,605,34
abeetzwmoots,628,175
knifetrader,625,13
1brokenmonkey,628,23
PaneraiGG,651,27
lamentfad,616,20
CritiqOfPureBullshit,641,33
holdfast666,604,33
PaperPlanes22,662,45
Th3_Produc3r,697,10
la_putona,653,17
Velineon,676,21
mybestfriendisacow,602,7
Smokeyhontas,663,6
GroggyOtter,641,19
Trair,626,25
StuTim,621,7
ThePsudoOne,688,7
ECrispy,692,11
Ealthina,630,54
starphaser,648,10
killing31,616,22
CosaNostrAstronaut,696,21
chemicruel,698,24
Chungles,641,18
WoolyMammy_D,611,9
vaffanculo10,637,37
Marples,688,35
anordinarymortal,645,67
Plutotalks,609,23
Bobby6kennedy,604,22
granitejon,669,12
cali_girl815,667,21
skinky_breeches,658,15
_Fringe,609,22
mike_311,622,25
RoseTheChief,621,49
YorkshireAlex24,611,21
agentsmokingbarrel,688,11
CliftonForce,700,30
gamedude88,682,20
ishiplizardndracula,633,41
Silidon,688,18
wintercast,648,15
CTR-Shill,691,31
ok_holdstill,671,20
MacIsARedditUser,660,49
RedditOR74,635,7
jennthemermaid,614,38
2345wertsdf,643,9
oi_rohe,637,36
The_Big_Peck_1984,670,34
The_Flurr,654,13
alreadytaken-,700,37
recruit00,642,55
Stone-J,630,73
LolMan2743,659,39
smithrereen,662,29
Section9ed,671,41
HitEmWithBabaBooey,606,23
AoiJitensha,696,29
shiftocratic,687,21
Lursmani1,667,10
Daronakah,662,22
friend-fiction,608,10
auntred23,664,22
Causeway7,654,70
DevilDemyx,671,13
Jurnis_,609,10
desk_fan,690,20
mcinsand,681,18
dudpunter,605,12
josiborg,680,39
SgtPepper1806,697,13
RidlyX,693,15
TrueVelleity,609,7
thehikingbadger,672,19
PugSmuggler,690,26
mburke1124,662,19
jonmcconn,656,12
TrafficThrowaway9,686,12
Peleaon,656,14
hereyagoman,679,7
Homicidalhaz,624,28
FallenCypher25,604,21
Skyyacht,655,12
TheMick5482,677,6
the_enginerdd,604,15
therealwarmonger88,624,23
kabub_t,641,42
Adkgirl85,675,14
LittleNuke,602,48
Macmula,642,8
KitsuneSWE,604,13
1playerpiano,605,6
lokichilde,637,54
3flection,615,28
Countdown08,693,16
thebeardhat,624,15
coachsal,674,9
fragglefraggle,633,73
ClumsyFleshMannequin,694,29
Icelandic808,669,25
Man_onTheMoon9,613,41
m-o-l-g,692,12
frugalNOTcheap,648,32
ActualGuesticles,659,22
derbyt,700,21
TheChosenDrone,623,6
pm-me-your-tinytits,689,32
Squeezitgirdle,666,20
R-110,665,6
Teblefer,617,51
cp4r,682,13
JudiciousF,631,14
repilicus,696,24
RobertPulson,614,18
DDeadRoses,642,26
MrWhippie,631,24
NHDaddy4U,695,40
icec0o1,612,17
catvideos22,694,55
Dirrocks,662,13
KazuoKuroi,624,6
shallowtl,604,23
NiceFormBro,627,29
jackgrealish,700,32
ThatGodCat,601,16
thepootershooter,669,24
MrScats,626,27
CGImyInterest,605,21
Ibsharam,656,11
Ledge_It,634,20
pochemy,673,17
Hothlin,636,35
GanonChu,647,20
UltimateWerewolf,672,25
TheVibratingPants,682,8
YellowWizard504,650,17
FunkyCatJr,682,32
curioussav,672,11
leadlinedcloud,603,59
TheOnlyCannoli,611,34
x0chaos,606,41
GoRedBad,693,16
KingLi88,613,11
postal_tank,630,20
Hindu_Wardrobe,607,27
mythical_legend,681,25
mrcatboy,633,8
tol_and_smol,666,13
Dargok,657,28
Pheonixtail,682,25
An_Orange_Steel,669,10
CupcakeofDeath,656,6
Still_a_weirdo,623,22
IfWishezWereFishez,648,15
pun_shall_pass,694,9
BluesQueues,687,20
TheFetusFairy,654,56
durbshas,650,27
akcinom,611,18
xXsnip_ur_ballsXx,651,27
TheGreenShepherd,630,27
jumpinpuddleok,609,53
ineyeseekay,684,19
MyBananaIsBig123,627,10
Fenor,644,39
ExitExtremist,604,18
Shakedaddy4x,622,7
Diametrically_Quiet,609,29
mamaowl83,659,28
AcroGrain,658,16
Sheraff33,652,11
DangerBoot,625,12
WyattfuckinEarp,633,24
solemn101,676,51
JustinCayce,663,13
Radota2,694,21
leumas9,681,23
stevenfries,639,17
BrandNewAccount1213,663,39
zecchinoroni,666,41
Umutuku,646,17
NeverMidnightGames,607,21
ItsTheShawn,630,6
krasavetsa,668,30
bedhead269,650,55
Diddlesmagicfiddles,692,15
gold3nrul3,616,25
EricDangerRose,624,19
rdsox13,638,8
jms984,608,15
idontownguns,626,10
randomevenings,612,16
daemonflame,672,17
squeaky4all,692,23
escopaul,633,24
bombinabirdcage,620,19
unlimitedanna,616,23
Minemose,627,22
Si_vis_pacem_,610,25
TheBoni,688,55
Mnwhlp,691,30
suzy_sweetheart86,611,24
kodiandsleep,692,15
moonlightbb,684,23
Youre_Friend_Marcus,678,9
g76nyc,643,13
WhySoDismal,634,38
ThatPepperoniFace,670,15
jay227ify,698,39
ElvisWayCool,625,9
broken26,608,11
MrPyongyang,697,8
forgot-my_password,644,11
atworkmeir,607,12
spidersVise,663,34
Rc591323,670,53
Zeeeke,616,13
jamesharveyyall,635,23
AquaAtia,651,10
redemption2021,678,15
refugokie,677,8
chchchcheetah,644,13
shhsandwich,675,16
StDeadpool,632,17
quentin-coldwater,633,19
KillerJupe,658,23
Baja_fresh_potatoes,660,27
nullsignature,659,21
truthofmasks,632,7
Shitter_Thoughts,644,18
imabeecharmer,643,28
mthoody,632,14
barrel-getya,687,19
hairyliberal,640,13
thatredpenstains,628,20
zhuguli_icewater,645,16
SlashLDash7,608,25
nlaq1,620,13
OpticLemon,604,26
LimitedPiko,660,24
Desirsar,638,16
IRSquirl,685,18
fatclownbaby,651,37
Tetrastructural_Mind,640,17
Marlfox70,608,39
MWL987,693,10
Sinfullyvannila,618,7
RenderedInGooseFat,670,7
bashturn,673,40
LaLeeBird,601,13
PeachyPibbles,676,15
narwi,697,26
xterraguy,625,43
AndyNihilate,619,11
berniezanders,677,19
trex_in_spats,673,22
Space-Sausage,664,30
TLSEncrypted,697,20
PerlenketteFurDich,663,26
xhaltdestroy,671,10
icommentingifs,604,38
netarchaeology,607,24
PatricksPub,640,12
Slithius,604,22
PM_ME_UR_THIGHZ,629,35
SesameSTChicken,610,120
the_last_fartbender,640,42
GetTheeAShrubbery,664,45
getinthequattro,619,24
BearMan998,631,34
SomethingSimsy,652,32
Spellsteam,627,11
Namedoesntmatter89,644,8
Doom-Slayer,607,13
Mat145,635,18
SomeOtherGuysJunk,639,12
FactoryofSadnes,600,58
sephrinx,616,19
EpochHipster,677,15
yamaybeno,692,31
RedLegionnaire,685,29
WhenThatBotlinePing,624,19
GrungyUPSMan,639,6
YourHomicidalApe,600,11
_Aurilave,606,6
time-traveling-ninja,602,34
missrissola,638,33
DonnieBGoode,606,30
tigerevoke4,665,27
existentialadvisor,653,13
StoriesFromMyCrazyEx,658,14
aram855,648,16
RedditEqualsFaggots,699,25
macabrew,649,19
ireallyhateburpees,602,21
chrs16bs,620,48
Lumlumpoooink,693,14
KTGS,681,15
jjack339,668,40
HolidayDoggos,671,18
palmtrees2blizzards,648,30
irwinlegends,658,37
Beanh8er2017,689,24
cassandracurse,672,18
mecu04,700,43
RAMunch1031,699,7
nirataro,689,24
NoobSailboat444,603,11
Jules_Be_Bay,646,7
haabenshaaben,646,46
Insanity_Pills,684,19
mikevanatta,607,28
SlanginFunds,666,15
WheresMyMoneyDenny,618,46
GermanizorJ,695,43
SuckinLemonz,637,12
funnyguysixtynine,603,20
say-something-nice,656,22
NowWithVitaminR,608,15
TomBonner1,606,24
TyTyJones,649,14
miasmaofhumanrefuse,683,31
maxiimus1,621,17
quantumgambit,633,13
Mr_Clunge_Plunger,621,22
We_Are_The_Waiting,680,47
shamwoahh,602,30
mazagabo,624,39
hawaiian717,661,12
xdollface927,691,15
StinkyDinky9000,686,17
Banecn,644,17
undead_carrot,656,25
Journeyman3000,635,20
7heDaniel,671,22
Vote_for_Dahnald,696,41
FlamesofBritten,653,37
Nightversary,695,14
TheFalsePoet,622,13
APInvestigator,665,7
mashnik,605,13
kesht17,624,41
I_Fail_At_Life444,641,25
thikthird,651,40
Eqvvi,677,10
thegreychampion,608,16
PM_ME_YOUR_BEARD_,638,10
CLE_BROWNS_32,676,45
BathofFire,601,12
manfly,653,21
luke_in_the_sky,642,33
Snowball-Sauce,700,8
TinyStarShadow,671,8
Bottled_Cat_Farts,663,17
Gray_Upsilon,641,34
GlastonBerry48,684,17
AlkalineHume,655,10
XenuLies,609,27
DaTwatWaffle,604,12
CCM4Life,696,41
Zero_x_Shinobi,668,32
neonKow,650,22
green_apple_snapple,647,13
DefectiveDonor,600,29
tmpxyz,646,27
Joseph24689,688,53
sponglord,644,10
cancutgunswithmind,614,36
Precaseptica,625,18
obliterationn,635,104
AcrossFromTheDentist,615,27
IsVegan,645,16
Panaka,694,13
pearthon,651,24
makingmistakessucks,644,16
amigocesar,694,12
unic0rnelius,617,20
Ateballoffire,605,17
Harleydamienson,665,38
ImALittleCrackpot,676,50
Slazman999,648,17
Lyndybear,682,36
weneedaladder,683,13
Applefucker,669,12
FLOAT_ME_HOME,600,25
evlgreeneyez,649,10
Bagelstein,659,25
superioretrofuturist,601,16
MachinesOfN,687,19
Skika,607,23
Skippy28,621,13
Teresa_Count,611,26
crazylady0002,679,16
Internally_Combusted,662,9
severemcstorm,645,38
that_how_it_be,602,17
AbaloneSour,633,25
Moses_Black,626,7
agathakrispy,685,35
E1010347,609,37
panderingPenguin,675,7
helikesart,609,9
str8slash12,604,24
prizefyter,624,16
rothbard_anarchist,648,19
Airscape37,627,9
Sababa1236,613,23
VikingAnalRape,680,8
Sloth-Overlord,609,18
Vonnegut9,685,33
PianoChick,620,17
daughterof-thezodiac,685,30
yodontbanmereddit,663,53
speaksamerican,637,37
Swyfts,620,24
GetCapeFly,672,13
juve27,656,6
hpotter29,639,20
percula1869,609,37
grass_cutter,688,12
arabidopsis,675,31
I_FUCK_GNOMES,636,9
princessvaginaalpha,603,23
seanlax5,633,34
kmoonster,655,20
skay28,637,17
Jeb-ExclamationPoint,653,34
Very_Elegant,672,32
Dani2386,659,7
jasdevism,670,9
Rookwood,609,17
ihaveasasquatch,615,16
Drops_of_Light,651,28
KungFuBamboo,681,21
mattylou,668,17
select_all,670,8
pact1558,623,20
Henster2015,673,36
insert_topical_pun,644,18
ak40keven,636,13
Zcasfqer,603,9
lanismycousin,629,30
rockytherack,693,30
Dahvood,642,11
Kangar,611,44
JeffHopkins82,634,6
TowneshipRebellion,620,21
Happy_Go_Lurky,690,35
cakemuncher,625,27
dont_upvote_cats,693,16
Thematt3r,687,49
OverpoweredCharizard,602,59
Shout_,687,32
Recklesslettuce,694,47
delightfuldinosaur,635,30
Cyouni,618,20
TheAfternoonStandard,629,19
popedarren,642,16
NotYourAverageTomBoy,624,24
Hell_hath_no,685,51
drumstyx,637,23
JamesTheJerk,700,45
generaltso78,627,22
yugewiener69,669,33
thealterofmyego,662,15
12th_doctor_,663,15
Dinkir9,647,40
YourCreepyRoomate,619,50
TheSpookyGoost,662,28
idelta777,628,36
Doxbox49,641,17
BennyCemoli,612,9
purple_pirate_man,696,22
DawnTreador,606,10
Divinux,653,7
Barren23,686,11
Tbh_imbad25,629,10
ominous_anonymous,651,8
Figms,697,13
theskipster,632,9
KajiKaji,642,8
Lord_Binky,647,40
stormelemental13,669,26
FSEFilut,620,12
st0_RM,663,11
twistedcheshire,687,22
evilgeniusthing,663,20
minorgrey,691,25
sociable_misanthrope,666,17
xInterceptor,656,18
dadfrombrad,612,56
_Legendairy_,644,33
LadyDragonDog75,681,80
CaponeLives,642,38
aprilbearbear,659,23
Splatterh0use,651,22
kittycuddler,636,17
PowerWordCoffee,662,18
mumofone123,685,72
Mordan,689,29
green_beans_please,667,10
bogzaelektrotehniku,678,84
spoodmon97,647,23
IraizaHyuzu,676,26
ProLifePanda,638,12
Thereian,601,18
Recaldy,619,70
dumbfunk,673,26
ClearingFlags,678,16
Gene_Trash,648,6
eq2_lessing,650,14
loJohn,650,49
Mydogcopper,624,10
miraoister,608,45
lqqk009,684,29
XIII_XXV,601,19
oxide-NL,687,9
snowdope,640,33
poeandfinn,661,12
SketchyBrowser,681,24
_simplify,633,11
Slut_Rancher,614,59
Highbard,615,20
jochi1543,615,21
Hephaestusfire,617,9
Ijustsaidthat2,670,18
Ihascandy,652,9
IveGotWorkToDo,636,9
ThePoliteCanadian,700,26
rnykal,667,20
gsp93,685,12
Cyborg_Nate,600,12
supremelyalone,660,17
gobbels,635,32
tyrayhern,628,9
realrapevictim,644,44
clatadia,675,10
Bcano,607,36
luluon,654,8
doublea08,610,14
cocobandicoot,699,19
RaiderVeteran,692,25
Mage189,642,26
SchlingBlade,609,13
bildpunkt,678,20
mainhunchutiya,621,30
sik_bahamut,640,7
rootb33r,613,13
penny_can,690,55
fikustree,696,20
omos,637,24
soupcansam21,662,53
chacachaca92,630,17
howareyouNOTdoing,607,21
gnsman,618,39
king_bart,604,30
thefatshoe,670,64
DegeneratesInc,676,25
XcSDeadDeer,623,39
6POWERUP,620,44
SIRCCR,687,13
PokemonTrainerJib,623,12
PairOfParedPears,601,9
ahump,643,25
muhfeefee,614,43
astrocat98,632,16
jtyti15,649,41
jab1023,622,29
syntaxshutdown,669,15
sykotyctendencies,650,42
biopticstream,669,14
HeavyP04,623,16
ahalfdozen6,672,8
karrdian,693,8
Goodnessme439,692,50
Janisson,666,14
Tubby200,604,10
telmnstr,638,16
PeterG92,617,37
Undercover_Hitler,648,6
miso_ornery,695,20
fuzzycuffs,609,35
sxo88,676,26
Mikeuicus,669,16
LibCuck72,632,6
weedygoodness,635,29
iwontrememberanyway,683,49
mcmanybucks,644,38
fritolay77,688,34
fading_stars,652,14
Ohilevoe,618,24
makayladee,637,12
nickl220,649,23
phukyu92,686,27
halfcafhafregular,607,48
Arzu1982,641,20
swanfirefly,612,6
killaguy,625,60
cameralynn,603,18
mike878,603,42
Farmers-wife,672,8
baseball8z,602,13
sketchysaurus,622,12
sasukeikimichi,600,49
Djesus_unchained,637,12
Ishotthatguardsknee,607,6
HWatch09,673,23
wryprotagonist,630,30
HuellMissMe,613,25
itswhatyouneed,664,26
PMmeareasontolive,635,19
scerden,643,17
mrpeabody208,615,18
mokasakin,627,9
faithlessdisciple,698,37
Qender,666,23
theaveragegenius,608,36
following_eyes,689,25
CozyTime,615,8
Shrouds_,639,28
-kelsie,622,13
Great_Stronghold,680,23
dont_get_pushy,667,20
JackJackxA,608,14
Shotgun81,621,24
Seantommy,609,11
riotacting,616,20
rips10,676,41
fuckspezintheass,676,23
edwardmetalwing,684,7
MKactus,613,8
NanaLovesHoshi,600,6
SevenSirensSinging,642,12
wolley_dratsum,616,18
pklam,609,9
ZombieScorpion,605,8
smitty195498,648,62
Sheeps,649,20
CrotasMinion,680,27
FanFuckingFaptastic,644,33
Mcgovlau,629,36
Skibxskatic,687,8
mearry,675,26
Nyxrex,661,6
msiri,602,17
manofmonkey,669,9
thatlfcfan,603,10
steellord123,674,8
neoLibertine,659,14
justfarmingdownvotes,648,22
TheSmex,661,28
missmichellini,622,12
ca990,600,33
Shadowcat01821,643,10
madcorp,624,12
GameRender,648,52
GreatNorthWeb,700,43
Uptownfade332,632,22
ilikecatgirlsandfeet,677,20
Pancakepiles,681,23
un_salamandre,617,22
ThatAnonymousDudeGuy,657,13
hedonisticaltruism,600,9
LurkeyMcLurkerson,640,28
Spicy_Dick_Cheese,673,34
gigabyte898,695,17
Dartaga,662,15
allkindsofjake,604,16
Lightfoot,644,9
Kyanpe,697,52
OldManRodrik,682,19
EkiAku,631,22
Not_a_pariah,669,41
franklyspooking,626,12
HeyJude21,685,23
SuccessPastaTime,638,26
southpacificslam,674,36
Ellijah92,642,11
Betypan,612,13
Dinkdinkdata,691,16
superokgo,694,10
Mynameisaw,611,10
MD_TRUMP_SUPPORTER,600,61
ApplyOK,620,24
WanderingVirginia,670,17
redarrowtotheknee,650,29
nihilxnihilo,627,17
NotThatDonny,623,7
pm_me_your_leaves,671,43
RTR41,618,25
JohnThePhilosophizer,671,29
TheQueq,692,11
marlowe650,637,24
syd430,676,17
ac3raven,655,24
neatoburrito,692,34
ImperialGamer,685,48
Notmyrealname,640,46
Dusty_Machine,605,54
Opt_mind,617,10
Discarnated,651,24
unique_username_v2,656,51
KorvisKhan,644,17
The1DragonSlayer,622,47
MaximumCat,619,21
yangyangR,662,45
FindMyMind3,621,6
CanineMutiny,690,20
FormalCloud,692,30
spacemeasurer,683,16
betteroffinbed,619,7
InfintexCourtxJester,655,48
AaronHolland44,609,18
BadgersOnStilts,610,8
amperita,646,16
ProfessorSarcastic,665,11
World_Class_Ass,606,17
InfiniteLiveZ,608,40
scubaguy194,608,16
ARogueTrader,614,14
cookedpotato,632,15
OldManGoonSquad,649,10
RickRussellTX,670,9
Swooper86,675,41
JustTryingToMaintain,682,11
FugDuggler,638,36
dsfdgsggf1,700,14
weeten,659,17
Saintmyname,691,36
nadawg,617,8
emperor_tesla,638,23
PhotoshopFix,645,26
vinniedamac,660,36
PJ-Usa,673,8
Patt_Adams,660,11
bmckay,602,16
Morceman,640,17
Dipitydoodahdipityay,665,13
HurinMcgoo,622,61
PantsGrenades,679,23
atrca,700,7
kroywenn,609,11
The_Papal_Pilot,631,8
derppress,621,15
decnine,626,38
stashthesocks,617,54
Mrbman11999,658,18
Spyro1994,630,10
Innergulaktic,684,15
aki-e-,613,14
DoctorFeather1,608,19
redoy6,650,15
VerveVideo,624,19
fightstothedeath,604,17
Historyguy1,686,22
Guardian_452,605,19
Afrobitch,616,28
cant_stump_da_trump,691,80
FatCatElite,602,9
Sempais_nutrients,670,35
PM_YOUR_CENSORD,687,29
Mr_Uki,645,7
RolldQw4w9WgXcQ,601,17
rsklsi,605,8
igloojoe,632,36
HockeyWala,639,14
somepeoplewait,627,18
madpwo,614,51
9000yardsofbliss,675,25
jsjones60,698,11
Anomalocaris,600,11
collectiveevolution,605,18
Worduptothebirdup,680,29
derrick81787,689,10
DullEmber,697,85
angsty-fuckwad,610,13
Foxbox405,679,14
dubbfoolio,635,29
notbuyingthat,663,39
Dial-1-800-ANGEL,608,47
crazyfoot369,615,6
avantvernacular,625,47
BigFudge117,607,13
ScreamSalvation,670,14
Sachyriel,673,11
R0ndoNumba9,618,19
noodlyjames,691,36
ImNoPCGamer,675,44
Juanbond622,613,28
meetmeinthemaze,672,11
DJOrigin,646,16
onacho,625,12
-OnMyWayUp_,660,43
Korietsu,676,14
Dead-A-Chek,603,38
FigurativelyDead,684,61
Killzark,634,10
PernellWhitaker,652,55
BaldingMonk,624,19
tisjoefoo,660,20
l2edford,642,13
Brentatious,684,18
shakamalaka,613,7
19chevycowboy74,671,26
Zstar88,611,27
HeartChees3,646,7
Pure__Fetor,660,61
Dinosaur_Repellent,657,23
bertonomus,630,18
dra39437,618,32
aidan_316,633,18
bbreslau,697,22
BorgDrone,691,20
IAGod,661,22
Ztin,609,31
Yagihige,635,6
MRPguy,656,47
ObesesPieces,667,23
baloneycologne,699,36
Trumpets22,665,41
Thisismyusername89,630,11
squatalot,674,42
Madlister,653,27
TegisTARDIS,640,24
theottomaddox,623,25
PrimadonnaDee,622,19
BlackPrinceof_love,688,46
dIGITAL_cLARKE,620,34
elbanditofrito,649,24
SweeterThanYoohoo,635,9
tric21,647,65
GreatestWall,616,17
cedoxi,689,45
Agueybana,660,14
GreatKingRat666,628,15
Zolden,662,22
Bea_OProblem,633,17
BodankHusk,606,27
boneygosling,605,14
thedaj,645,33
AxmxZ,604,19
Bellyzard2,622,19
_Fudge_Judgement_,653,44
BadGoyWithAGun,685,17
totalbr00tal32,666,41
A_Drunk_Person,685,15
FourAM,608,21
FockerCRNA,657,21
whatthetaco,666,18
RestlessBeef,695,24
ThinningTheFog,608,16
kitch2495,640,11
RoastJax,648,34
Nefertete,689,14
AtoxHurgy,633,31
Throwaway_comment100,653,11
nitotheblue,666,60
Hobbitbox,620,40
Freeboosiefam,675,28
rockymountainlow,636,12
tojourspur,685,28
ratofkryll,663,8
TrentWatts,642,13
truthhurts85,697,21
bearsgonefishin,672,24
ace58,660,6
zeiandren,603,21
lunchbox3,636,17
invisiblephrend,681,38
wordsmakethings,647,6
andi1235,677,23
Jahvinci,694,43
Antonio_Browns_Smile,677,15
ruthreateningme,652,8
IScreechYourWeight,639,13
danzelectric,611,27
pTrizzle,639,23
PaperJamDipper7,622,16
Uh_October,692,19
fatman40000,686,7
reallygoodbee,694,15
IroncladPen,601,15
ziplocka,694,13
gingy4life,626,15
RANDOSTORYTHROWAWAY,605,12
KC71666,644,10
Silentlybroken,646,21
Anatolysdream,643,44
NinjaN-SWE,688,9
Ricky_Dika,657,55
DrCrazyFishMan1,603,30
epicninja115,637,41
subtech9,657,16
Mashedtaders,632,21
InsaneAlternative,674,24
wtfburritoo,640,26
InBellows,673,27
VniceC,689,8
lolliegagging2,648,29
Henry_Hyde,612,27
ClarionofRevelations,652,10
blacksoxing,642,10
Adderkleet,627,7
Swellyrides,681,9
TheGandu,666,22
comeyistitor,667,6
m3cirrus,624,23
Misogynist-bydefault,650,38
Rato_Trapo,622,33
Giggles_McFelllatio,690,8
pVom,630,17
Egotistical_Shrimp,681,42
LikeIsaidPotato,655,11
WV_Raider304,606,20
Czsixteen,661,44
tuggernuts87,661,22
The_Tightest_Anus,637,24
Velosterapetor,610,21
Parmizan,623,20
johnnyweareworried,615,38
BrushedSpud,664,11
tdurty,693,8
g33kch1c,641,41
cow-eepp,615,18
bonersforstoners,609,13
Zerstoror,643,21
freyalorelei,650,10
dudeondacouch,649,68
FredDragons,647,18
Rogerss93,602,31
defleppardsucks,602,16
SirPuzzleAlots,619,8
PenguinScience,660,13
Elranzer,639,49
lebippitybop,680,7
WayneCider,643,20
saltac,683,15
Biosterous,639,8
silkeslen,622,12
WhatsAspergers,681,28
apathy14,670,15
FreeDoum,631,35
i_love_lamp9,640,24
Geralt-of_Rivia,610,36
Poultry_Sashimi,675,54
Nightmarity,627,7
gesophrosunt,604,8
Idrialite,626,19
-The_Great_Potato-,625,24
Duke_Skylarker,601,29
mariskov,619,19
Leoofmoon,614,28
brazzy42,697,35
fritopie,633,13
rirez,638,11
Tsu_na_mi,682,12
Klaviatur,645,20
dhemrick,684,12
Strelitziaceae,691,15
JBonez84,618,17
doobtacular,664,17
Atario,654,43
dabkilm2,633,30
CrimsonSaint150,658,42
Scottwall0,681,26
thedooze,659,28
readher,616,6
Boycubpiglet,668,23
ChildrenBittenByCows,632,15
AlDeLarge,610,14
mindof_jacob,629,64
Rad_R0b,686,12
minerva_qw,652,8
noman2561,643,14
Jander299,695,24
33rd_account_on_poli,688,11
LannibaltheHannibal,683,13
thatsnogood,665,21
Quilled,613,27
LauraEvangeline,631,17
neonparadise,639,20
Redoy1,629,19
foomachoo,671,11
Forever_Man,603,41
Michaelphelpsisquick,652,48
oracleofnonsense,609,15
-MY_NAME_IS_MUD-,650,7
GeorgeThe1998Cat,685,9
kykitbakk,684,22
-DDD-,666,47
iwillnottalktou,681,45
remotelove,602,10
cherrydolly,658,12
ifurmothronlyknw,636,30
megnetical,681,17
hdcs,674,23
pisspoordecisions,654,23
TrikKastral,690,18
KathrinPissinger,643,14
BODACIOUSBARTHOLOMEW,634,22
Immortal888,635,50
drdrp,614,15
calmcucumber,699,47
Steinrik,606,14
Applejaxc,699,29
CockMyBratwurst,636,11
wellthatsucks826,642,16
the_music_of_chance,606,15
StJohnTheGambler,689,31
LittleDockey,616,16
Mastagon,641,61
Coogcheese,639,29
W_A_N_K_M_A_S_T_E_R,640,9
uikc2782,693,17
VigorSalt,645,30
Pullo_T,684,25
oodlesofnoodles4u,694,32
Frecklebitches,654,17
Hip_Hop_Orangutan,660,12
AXP878,673,19
mastjaso,673,11
gingertek,606,16
hypelightfly,641,18
Minerva7,695,38
dingles44,693,35
cLuTcHxGT,611,27
HoboWithAGlock,674,9
SargeOsis,694,6
subsonic87,661,20
c0smic_sans,684,19
HAWWWWWWK,610,11
_niko,675,28
Kuzou,635,11
Dr_King_Schults,622,16
exclamation11,607,16
DaJinks,605,19
Poormansblackstone,603,29
LaviniaBeddard,617,28
HeWhoCouldBeNamed,669,37
gladoseatcake,663,10
deepasree1234,671,9
frugskie,618,38
dreaminginsanskrit,613,23
TheCynicPress,619,33
plexnewbie,681,13
RaggedToothViking,650,10
IHans_ILanda,665,54
chewyflex,633,39
Realcheetoinsights,651,33
EmilyVS,665,36
Toppi_The_Topic,612,28
Hiphopapop,607,25
PakakoTaco,653,28
Zerg_RushaLot,616,70
AptCasaNova,621,23
Trust_Me_Im_a_Panda,660,39
sharkiness,607,39
Ueht,638,15
AntiKerp,611,24
liferaft,603,13
sowellfan,662,11
Quintink,658,34
vixde,601,89
PM_4_HONEST_OPINIONS,630,39
NoBlueKoolAid,636,21
kelkulus,627,9
captivateyou,600,31
GRVrush2112,616,18
Dazzyreil,677,34
relachesis,659,13
LTNyo,626,21
MuzzyIsMe,662,12
DoobieEx,694,25
catvllvs,635,7
wootxding,656,15
ngloopi,676,24
bigguy62,613,34
MNKLVDSAHJIOFDSA,648,22
CommanderVimes83,685,17
Dqueezy,696,33
MLDA,669,9
mopthebass,649,23
brokenheldwithtape,667,8
Soulless_redhead,700,27
Flownyte,615,27
KamaroChik,644,13
bxa121,693,64
kevinsan,656,52
Pho-Cue,652,20
munky82,619,10
ExtraPhlegmPlease,640,8
MonkheyBoy,630,23
whatIsaRedditt,638,38
OptimisticOnanist,612,19
celocanth13,655,38
One_2nd,697,17
AkillaTheHung,688,10
paperslacker,626,68
Psychic42,693,22
Glavyn,604,13
Zebba_Odirnapal,646,27
lilbrownbears,614,13
Hut2018,649,21
shenanigansarefun,646,31
ICariboutyou,692,8
kittymcmeowmeow,637,33
uin7,659,12
leonistawesomeee,648,29
the_murder_of_crowe,692,19
shadyobserver,649,19
saltwaterandvipers,625,35
Murder-Mountain,649,10
norm_chomsky,688,36
JJGee,620,14
buk_lau_tzu,679,8
Galcary,682,45
unclemacgyver,618,19
DeusOff,609,14
dangermouse482,612,36
bluegoon,674,32
ajstrange1,679,20
52fighters,647,22
StormSurge9,675,41
Mahadragon,603,6
Mtforten,652,13
gul551,683,31
survey_girl,625,30
marko34,656,16
biggerx,687,34
Arithered,665,6
Yaboithroway,673,15
hotbox4u,693,12
traval1,666,19
vainamoinens-scythe,659,22
madmaxturbator,644,26
reddit_nomophobia,600,16
hguabfm,613,27
thebonkest,658,16
Abderian87,629,7
Brelin,630,27
looksbaneful,609,14
TheCrankyWalrus,606,18
soryn-tea,603,12
The_NigrSlayr,627,19
SaviourMach,639,13
snookems13,674,12
drnic010,623,19
PM_ME_BAKED_ZITI,621,42
crabzinthewater,620,22
fishwithfish,605,23
Cloak71,636,9
Bosty987,680,39
Bigmouth_Bassist,623,15
SaloL,672,7
NuArcher,612,7
theultimatemadness,625,80
zeebass,620,12
Daymanfighterofthe,654,24
TheAllDayThrowAway_,649,8
LaterGatorPlayer,669,27
Eamoocow,634,28
independentminds,633,6
empoknorismyhomie,650,8
filipinotruther,654,31
drunkymcdrunkenstein,679,25
Whaty0urname,644,56
thisisashiteusername,636,21
draiman,608,20
disillusionwander,625,23
NikohlRose,684,27
Sakatsu_Dkon,636,6
ELFAHBEHT_SOOP,604,6
lHeartCreampies,697,23
2017account,623,26
ariaqokka,680,16
LotharHex,611,17
pyx,691,30
MintyRx,619,26
theoriginalslimshady,606,62
Maximus_Decimus92,692,25
thesorehead,665,16
supersnausages,669,16
StaticAnnouncement,653,22
mrstalin,641,12
AndreNowzick,670,14
lozbootsbrown,636,31
djsputty,619,24
cliff_climber,621,7
mygeorgeiscurious,665,62
KillSwitchClick,658,8
helps_using_paradox,666,15
zdepthcharge,607,10
tamorgzz,641,25
bedpirateschlongerts,647,23
agoddamnlegend,638,20
Snownova,677,21
Penguinkeith,627,20
giulez845,690,37
Mr__Helix,609,24
shorun,622,19
NeverQuiteSureWhy,664,16
PTRJK,670,10
pixel_pwnage,676,63
Triddy,675,9
TossMyLettuce,603,12
BSmokin,620,29
hilohi53,612,13
garrygarry123,602,31
fluffstravels,681,13
dangerouspangolin,648,19
udenizc,696,20
ChewyIsMyC0Pil0t,698,44
Don_Antwan,635,11
scriptx,695,15
Dorigoon,622,35
darkpaladin,629,23
lash422,651,10
Zadkielred,652,60
mostlyamess,691,18
Campingcreeks,661,35
malamkhan4u,634,10
pohart,611,26
xStarjun,602,19
farazbawany,634,105
TheCreepyFuckr,674,6
UBShanky,602,52
TerribleGramber_Nazi,689,28
3holes2tits1fork,629,18
finchslanding,641,58
BalancedPositive,684,10
Joshucode,639,49
Ste103,651,26
jonnyp11,604,20
JesterV,667,15
damnitcletus,623,45
joe_average1,700,6
epicdragon47,608,24
NorthMed,693,28
Moni3,648,10
The_Spook_of_Spooks,673,28
hosszap,648,44
daniel_ricciardo,621,33
MyAliasWasTaken,650,46
Aragorns-Wifey,666,19
PointyBagels,641,26
Xtortion08,677,23
readforit,612,33
we_are_devo,621,15
JG718,615,19
vanwright14,611,17
Zomunieo,600,14
cam-pbells,654,18
MadBlue,631,17
ramblinator,676,18
b4ster,641,32
rewindturtle,651,45
PM_YOUR_GSTRING_PICS,616,17
mceric01,612,10
johnny_mcd,662,8
Et_tu__Brute,610,7
JefftheBaptist,601,13
CreedogV,677,22
sun_worth,669,39
CONSULT4RESULTS,611,17
Kwarter,622,21
KingHodorIII,686,32
deecaf,642,26
1didwhatihadtodo,615,26
rocketbosszach,601,27
NotSiaoOn,606,11
sl_1996,688,15
Kitkat69,659,20
AKSasquatch,688,30
Metal-Dog,652,19
ununiqueusername1,697,8
thisjohnd,608,12
MikeLaoShi,689,16
JebusLives42,634,12
Thenightmancumeth,665,18
John_Ketch,687,34
cantfindanamenotused,663,44
yeahboiitsme,674,47
aeyntie,662,39
lolmodel2,690,24
balloonpoop,655,21
StrangelyBrown,623,14
CleanEnergyForAll,622,10
dohhya,613,15
FPLM,696,7
RPmatrix,656,31
avidconcerner,608,15
Emilina_,697,19
heavendevil_,649,56
KaDawnSony,623,15
BrownStarOfTX,610,28
seanmg,625,24
Cheesus_Bacon_Crisp,669,31
rokayas80,693,20
BenDarDunDat,668,14
chrillesnille,700,45
thomas849,657,11
motherofjewels,659,14
throwaway763756,663,6
fifasarajevo,635,16
mollflinders,694,14
No_Cute_Pseudonym,662,27
blobbyghast,607,35
ThunderThighmaster,680,21
Steadylurkinn,692,10
Yomitht,603,32
MommyDrinks,613,10
ClockworkOnionRing,682,15
PM-Me-Ur-Cameltoes,693,42
itsnomore,696,7
Pixel_Effect,656,62
CNegan,680,21
adventurenotalaska,696,26
Dia_Haze,636,24
SweetToothKane,666,22
aisoflurane,662,21
JustHereForTheCandy,676,23
OhShnigums,603,53
JayofLegend,671,32
po8crg,629,11
Washingtonpinot,660,19
AlexisDreamer,601,28
frogspa,634,58
Smoke_Stack707,615,21
hemeroidcream,700,13
Fedleo24,604,22
The_lady_is_trouble,682,23
pseud0nym,616,9
rapeymcstab,687,14
ConquistDelTaco,649,9
Basic_English711,659,20
takeittodamax,665,17
noobto,610,20
connaught_plac3,695,8
Aggressivecleaning,667,35
Eaoll,640,12
JLM19,607,20
Storm_Theif,617,30
MuppetusMaximus,687,15
lurkerspeaks,693,21
STOMLive,617,15
ravenclawspirit567,685,13
spell__icup,689,7
ricatic,662,13
idownvotestuff,653,22
bamba1jl,695,17
schmitty7,621,22
BrittneyMitts,657,6
HighSpeed556,607,50
Popingheads,643,10
gwendolah,639,11
jebleez,607,8
vaders_other_son,618,20
fire-n-brimstone,657,21
pm_me_shapely_tits,681,19
Patrichh,676,24
rubber_hedgehog,672,25
peety2269,666,7
humanoid451,648,30
MrLaheysLoveChildRye,640,39
Manbitesdonut,649,32
Miss1985,627,12
Axegrinder100,667,71
awfl,668,14
Wilson_Haigler,679,8
G9Lamer,625,10
fuckface94,688,19
DoctorRapture,637,17
npea777,630,26
un-affiliated,665,9
broken_bones2012,639,14
MjrJWPowell,638,35
MrHattt,691,28
kevkev667,616,21
Attila_The_Khunt,610,48
MINKIN2,656,42
canikeepit,605,21
Skyrailmaxima,613,26
Sc0ttyD0esntKn0w,696,6
holdmyscoobysnack,644,54
ItIsBearWeekAfterAll,695,9
Tremongulous_Derf,670,14
cruiz461,694,23
wtstalin,687,45
ImZephyr,628,32
mustfocus,675,19
HappensALot,638,32
misterspokes,606,18
ShillinTheVillain,638,43
TheCoelacanth,692,24
makkabakka1,664,6
JT3458,660,21
lunalovegoodhero,648,8
r08,661,14
wggn,630,50
victorwithclass,653,17
Loztblaz,605,7
Dizzy_Slip,638,17
Redbellyrobin,688,28
573v3n,652,11
meefloaf,612,13
helljumper23,647,10
africandove,633,29
croon,696,21
CitationUlt,616,14
Blargh676,633,14
Bongo2296,657,45
GoldenFalcon,611,22
wargasm40k,686,30
tawmoose,602,10
MattScoot,621,7
bopokippo,610,25
trailrunner666,619,12
Norme98,613,10
rosegold85,633,10
Clown_Baby123,675,30
Ucla_The_Mok,602,29
King_Crab,670,14
chuckh8e,685,7
Shit_Lord_Detective,680,30
shemagra,612,53
labrigade2012,689,18
time4listenermail,668,23
TPMJB,664,30
ninaneenahbeana,654,9
VernonDangerfield,624,10
ELTepes,681,14
Tr3vvv,665,22
VisionsOfSorrow,666,15
ros3nrot3,669,11
Bobblio121,681,16
OM3GAS7RIK3,612,8
kefefs,611,19
UgUgImDyingYouIdiot,676,43
Nuggetpouch92,687,12
Soitgoes420,641,15
8n0n,686,14
Waldemar-Firehammer,676,41
TheRealRosey,646,27
jahvidbest,621,52
snakeaway,655,24
NonDucor_Duco1,684,11
IvanDenisovitch,644,23
Cheese_booger,631,9
followupquestions,618,15
vacationbeard,661,25
sunshine-x,606,21
MrNillows,609,20
Verocity8,677,47
OnlyRacistOnReddit,653,16
thanosied,684,42
Starlight313,671,14
re1jo,633,9
dinosaurs_quietly,601,25
weatherhoe,685,19
Xleader23,602,32
Effort_to_decent,636,27
awdixon,629,19
EveryPikachu,649,21
DingGratz,655,29
STPbobcat19,632,8
RightHandPole,640,17
itsableeder,640,19
marthinus_c,615,24
Moderatelyhollydazed,623,10
BrotherChains,600,21
sports_and_wine,700,33
AlwaysDownvoted__-,670,24
BlueAndDog,668,18
SlapMyLeftTit,610,22
Prestiegefull,686,18
voltran1987,683,6
rdnkjdi,621,14
dfefefeeffe,682,18
jbtk,677,18
rj4001,680,24
mutesa1,621,7
HankTheFourth,669,33
YorkshirePenguin,609,12
CowboyBoats,622,11
frodosdream,660,24
vworp-vworp,605,7
Un_creative_name,683,34
DrAspect,605,47
PM_ME_PREGNANT_BELLY,679,31
Ardelmonte1,636,27
billypilgrim_in_time,608,10
freejosephk,682,15
SecretMatt,637,35
FireSpittinKittenn,606,12
KingR10,638,44
HotBooker,614,14
Hmmark1984,648,17
Lutheritrux,662,32
Eulerich,620,40
noodleslip,689,49
elves86,649,21
kap_fallback,680,32
traponthereal,621,47
reddit_Iurker,609,33
skarphace,668,30
Villiam01,655,10
JimmySinner,633,27
shadow6654,643,55
urcatisfade,642,69
Pikalika,615,31
cficare,626,28
kcrory,607,10
Omian323,610,24
aa93,686,25
Blinliblybli,644,26
aurora_avenue_north,644,14
1998_2009_2016,679,7
daniell61,670,34
Mistborn_Jedi,606,27
jath9346,620,24
Nismo_Z,617,36
rocky8u,619,29
aweseman,625,48
LilGriff,651,16
mayur2204,614,31
austinwsmith757,644,7
theskillr,622,45
bruzie,633,24
CurryTripper,660,12
Therealmohb,602,53
hawkgrl,632,10
brijjen,698,17
BigMoses777,664,17
123456789j,669,40
Altourus,651,30
CLEARLOVE_VS_MOUSE,682,36
Senecaraine,649,11
ya_mashinu_,651,19
39_points_5_mins_ago,638,24
MyLittleGrowRoom,678,29
mattjames2010,660,9
arthur_figgis,696,11
SmolderingDesigns,609,13
Jfrogz,660,17
Shakyor,603,16
NekoIan,612,33
TigersPreferStripes,600,31
PCR12,621,21
EngineeringPeace,634,16
Arcuita,601,18
DarkLordAzrael,682,20
ateles88,677,46
RaptorLog,643,28
degosauce,699,27
godel32,667,40
J-rizzler,694,13
Wheres_that_to,669,37
kciuq1,674,27
Lily_Roza,660,10
P4QO,637,15
That-Guy-6345,611,11
Synsane,613,8
wifeofpsy,628,6
Simorebut,700,45
Portinski,622,36
OidaOukEidos,641,9
TheBlueSully,663,16
genghiscaeser,614,9
erelysse,692,23
DexterM1776,621,23
iwantedtopay,650,29
MorningLtMtn,603,24
godbottle,640,12
KalamataOlives,700,35
BrooksPuuntai,676,6
VanillaPudding,658,21
Miels_trekker,665,24
keslehr,647,22
zvive,672,13
Nhaxos,630,29
N0rthernWind,622,14
palpitations,610,9
sadiefluff,666,49
gliph,646,22
herbzilla,663,149
Bulldawglady,664,14
TheKILLSMASH,641,55
SaorAlba138,614,31
ShadeFury,620,28
ProudTurtle,601,32
UncleBaymax,628,18
awe300,602,46
Hoobshanker,649,19
DruknUncel,603,10
DownFalldotcom,683,32
Nikola_S,621,15
VealIsNotAVegetable,699,16
WinstonIsMyHomeboy,618,34
ifuckinglovecandles,624,22
rayraywilliamson,654,32
Chosen_one184,656,19
buggs_bunnee,600,55
kellenthehun,683,9
daveyhanks93,627,28
RabidPancakes,646,16
attackmodeweeja,680,24
jdsizzle1,600,33
rebar71,627,36
Asarabacca,636,29
The_Great_Danish,650,72
Lytharon,615,8
Nwengbartender,602,15
WeenerHuttJr,628,30
sayheykid24,691,19
Gloriousdistortion,666,19
Dentella,687,39
voleurs,640,99
Pokeymonkey,613,30
76lakers,607,43
mikeweasy,618,55
reverendcat,695,50
DerbyWearingDude,602,56
GoBucks13,696,35
ljjpaulsen,631,32
gurenkagurenda,699,11
dogemaster00,667,15
Thiswas2hard,603,13
shortbusterdouglas,600,45
jen1980,647,19
BearBryant,698,24
OSUJillyBean,656,29
littlebitofcake,639,18
SquareOfHealing,666,16
So_Incredibly_Bored,645,15
kusanagiseed,670,17
a_b_y_z_o_u,681,45
my_little_mutation,615,6
kelsbby,696,18
zomanda,653,19
destructopunch,641,11
Travmhid,628,10
UTHorsey,603,17
ORLYORLYORLYORLY,600,24
ohgodcinnabons,606,15
PM_ME_DANK_MEMESS,667,94
Xerede,668,9
fentekreel,621,14
rubyfisch,628,10
Namboman,684,34
Vibr8_,629,35
YeShitpostAccount,679,20
Ceebles,626,34
fat_pterodactyl,632,13
The_wet_band1t,616,15
ThatActuallyGuy,627,9
Donger_gifs,684,18
ForkedUpChef,671,35
YummyGummyDrops,638,41
GoodRubik,611,25
shdwrnr,637,18
tchoupastyle,693,7
PandaEatsRage,605,13
themaxtermind,636,6
CK1981,629,6
OwnagePwnage123,692,47
kokopellii,642,7
phatcrits,614,27
TehScrumpy,659,7
manchestercity123,630,49
peachyoat,602,63
CaptainnT,689,30
Korellen,669,13
philnotfil,647,21
quit_being_stupid,693,6
scorinthe,660,10
wittyusername903,637,10
roffvald,639,15
frothy_pissington,668,22
espiix,610,15
targetguest,638,10
Beorma,674,32
inglorious-suffering,656,10
ChubbsDaddy,610,22
theycallmeiago,679,7
shooting4param,617,21
aredditaccountfor,666,18
hollenjj,616,19
brokethechain,637,6
Drakeytown,647,26
pierogipierogipie,611,11
apokako,654,7
AminoJack,692,41
MizzuzRupe,650,29
jonnichols,681,18
tommymc101,653,13
doggypede,676,30
tilapiah6,630,11
xeribulos,636,15
reptilianhater,634,28
allview743,616,19
azgaroux,608,37
yeahimcason,651,21
Thinking_waffle,666,17
punkhop23,629,46
Haoxiaoxia2,640,38
Whatmeworry4,611,13
The_12th_fan,640,39
wienersoup,651,13
Brigon,686,13
7D_Twister,614,47
The_Last_Mouse,640,42
redditmyhacienda,695,9
Reginald002,672,41
moocowcat,665,19
silentbobsc,653,26
hollywood4189,635,20
TheChickening,644,28
iwannabeadoor,700,11
NoMyLeftNotYours,628,31
_Stix_,682,42
OrangesInStereo,626,16
SoupOrJuice13,646,15
DahliaRenegade,610,11
MaximumNameDensity,648,11
8lck8rd,694,23
hyperjumpgrandmaster,694,9
RichardHead5005,641,17
Tour_Lord,607,33
DGlen,637,31
Banned_By_Default,691,21
Xeusi,639,14
TheMaguffin,617,12
CondorTheBastadon,655,17
Bronze_Bull,694,30
saintsfan1030,626,14
FireZeLazer,609,17
j_fizzle,681,26
Nuclearbone,656,20
Digger-of-Tunnels,698,19
Leonlecouer,616,18
AL-Taiar,693,24
munchingfoo,676,12
MrLonely_,650,28
Giraffetalk,679,11
SSJRapter,652,10
crosbay,611,74
DeathbedHandjob,668,8
ElRitmoKotite,677,8
dr_lorax,699,16
Rorako,666,24
BBisWatching,699,37
McNabFish,669,21
elnombredelviento,690,11
boomfruit,612,25
Desyncronize,686,26
idolikeducks,694,18
blobblet,608,8
aint_no_telling68,674,30
katix,652,19
steveotheguide,633,14
jcboarder901,684,45
cardinalfan828,610,39
Shepherd3,643,8
gotnate,666,20
MOSLEMWadeWatts,618,24
YoshiCudders,615,43
Mrfrunzi,618,42
ClubMeSoftly,609,12
Seqeu,699,21
soil-mate,699,11
3600MilesAway,678,25
snowbunny143,658,23
JustBeCoo,633,13
Finely_drawn,684,20
unclemilty1,624,7
Martenz05,634,21
SquashyDisco,603,18
TravellerCS,601,7
xSmoKeY420x,606,16
Bullylandlordhelp,629,11
birdbrain5,627,20
k614,661,34
Mediatekk,697,19
ajaxia,652,20
jayisforjelly,656,7
DidiGodot,635,11
Sandgolem,648,13
Gellert,658,25
Bryanzorro,620,37
mruehle,658,14
DrunkCaliban,687,17
SnipingBunuelo,700,44
JimmyHoffa1,692,44
drpepper7557,618,12
HomonHymn,618,23
checker280,645,10
Upvoteandchill,678,22
santaclaus73,645,14
conifer_,679,6
Society_ElaborateLie,646,11
Jviv308,625,13
alyrex,634,9
FudgeGrylls,699,11
wulv8022,684,10
throwitaway488,690,36
stevedrennon,661,22
orilly,665,37
bicdig,651,19
IEscapedFromALab,631,6
FRIENDSHIP_MASTER,629,23
BigBlackDictionary,637,41
jeff88888,638,29
IamChantus,698,39
BASEBALL_CHAMP,661,28
aimark42,638,18
Ody0genesO,629,33
Pubics_Cube,676,45
brindlethorpe,650,34
WhiteCaterpillar,631,8
Jgobbi,614,42
f7sharp11,698,19
kamkard,652,6
ohmytosh,632,13
binzeeno,638,49
Brown_brown,647,8
MissFoxyMulder,609,32
Hitz1313,695,21
Zodiac5757,634,27
daviannamorgan,625,16
FreeLookMode,638,25
DrakynWyrm,664,21
Hotel_Arrakis,690,45
Little_Duckling,649,41
EoinMcLove,660,15
NewToSociety,640,24
abnerjames,673,12
KVillage1,611,42
theseattlewall,683,84
LudicrousLeo,670,22
CisternaChyli,658,42
screw_all_the_names,699,9
hieropant,690,30
uniquecannon,613,19
shatteredpelvis,674,7
JustWastingMoreTIme,643,21
asshole_driver,662,17
NilacTheGrim,640,29
intphole,698,16
FeierInMeinHose,655,12
Alrikor,656,13
ben1204,698,28
fastspinecho,695,14
Necrogasmic,700,47
ghosthell,610,10
kinkyshibby,670,16
lunaiora,667,10
adamyoung,618,22
Elblancouno,621,12
Gorillaz_Inc,694,32
moichidan,677,43
bigwreck94,671,22
owl_mug,623,15
tgunter,630,10
ryan22_rs,691,19
quixotic_pacifist,652,8
ElectroHouseDeej,625,9
Bill_Murray2014,644,16
crunchyturtles,671,24
masterofamps,667,26
Eskoala,664,13
pm_ur_itty_bittys,628,32
JohnnyHighGround,605,18
skiesinfinite,602,25
Modest_Gray_Fox,650,39
MrAwesomo92,694,17
theshelts,698,8
arguing-on-reddit,675,32
PornoAlForno,645,14
wellman_va,649,39
bc106111,628,29
LiquorTsunami,700,32
DexN637,637,30
DirtyDuzIt,629,8
TombstoneSeeker,602,27
FlorianPicasso,638,24
reamsofrandomness,693,44
Hawkhasaneye,688,17
ElevenFives,601,8
FRESH_MEME_DETECTOR,613,34
Chickapoo88,657,35
Iammaybeasliceofpie,645,32
fiddlenutz,644,27
RamseysGirl,622,11
everyone-is-a-victim,632,7
tank_monkey,661,15
PhyberLogik,635,13
justme12344,696,39
capnchicken,648,7
JT_3K,689,9
wutziii,699,12
Nathan_Thurm,684,57
Kscarpetta,603,17
Argema,605,8
bayouekko,607,33
MorgothEatsUrBabies,625,16
ShadowSt,672,29
PKanuck,671,18
chr0nus88,662,11
notmyrealname86,605,26
TreQuinn,682,7
nervelli,600,10
jonmitz,631,13
GIS-Rockstar,637,31
Token_Texan,606,14
apophis-pegasus,689,13
italy666,614,10
w0nderbrad,687,12
saggy_balls,621,11
DigitSubversion,681,25
kadivs,664,20
Sharp02,643,68
EchoWhiskey_,655,14
kiky23,614,22
BabooMan,669,8
gkchesterton,650,11
HerroDair,681,31
RiOrius,637,18
TheRealStepBot,681,20
Jonny_Muscle,601,13
Deckard_Didnt_Die,646,21
omfalos,600,14
i-lurk-you-longtime,645,28
arefx,639,31
ExtremeVAG,605,23
bienvenueareddit,651,27
Omnievul,620,19
Yuphrum,609,28
prototypetolyfe,637,24
jairzinho,700,34
dating_derp,668,15
Dyslexic-man,609,6
Countersfield,649,36
iamagainstit,615,29
Fatkungfuu,638,36
TactXO,629,41
wystful,669,12
exejpgwmv,608,30
MKorostoff,681,18
GotMoFans,604,25
RoosterSwarm,609,15
iShootHipsters,698,30
916hotdogs,694,22
the_foolish_observer,654,13
CouchCreepin,683,7
eliar91,609,15
Crabmonster70,660,9
Osbios,664,18
wgt2209,643,40
FinnTheSerbian,682,17
Timbitkiller,652,12
FiftyDegreeDay,616,13
SpiralToNowhere,651,13
brisketandbeans,685,40
Falling_Charizard,616,22
meowmix_lonestar,618,6
GTX13,693,67
iliasasdf,640,23
diba_,650,17
awesomesonofabitch,633,9
B_Primal,618,24
crochet_masterpiece,676,43
Zifster,699,9
myeyeballhurts,636,43
globular_custard,637,26
archregis,640,10
daedpool,650,11
jayydubbya,610,17
pm_me_your_truelies,657,12
Superfissile,700,26
biskop,642,14
anoootherthrowaway23,612,27
RapeyLilBill,636,33
KunGmaR,664,24
sjdude,693,41
BellaJButtons,630,8
128997493,610,10
pghpiratesfan,656,23
Northerndreamer,687,12
fatherbowie,651,12
neoninside,684,11
drumd3,641,40
Abendingbranch,636,23
CookeChris28,686,15
beyondthisreality,700,12
DigitalPhear13,619,11
revoltiv,632,7
NCDJTSPPRTR,692,31
Ratekk,637,8
pabbylink,648,42
Tankus_Khan,644,6
unamusedcat,617,32
heyhelloheyhey,637,10
CountBiscuits,684,31
icouldgoforsomebeer,651,24
giaxxon,655,6
Trazac,675,13
urbanlife78,617,24
Merry_Brandybuck,681,8
spankpaddle,610,16
redbased,615,40
aslongasbassstrings,645,8
uB166ERu,668,17
SuperHodges,698,19
BlankSmitty,630,25
etherealcaitiff,651,30
Hydrochloric_Comment,645,28
ImNotYour_Mom,633,29
TrueRadicalDreamer,661,22
tigerlillycat,699,23
alwaysanislandgirl,668,10
joelupi,603,15
vocatus,653,42
Eponarose,623,38
InfinityMehEngine,612,10
Chlo43,611,17
ccfccc,688,11
AGiantPope,601,20
JN_Lawrence,656,40
saladshootrdlux,624,19
busted_flush,611,10
coldequation,691,22
Uninstalling_ATG,658,30
2Nafishsammich,696,32
theironyengine,651,18
dontwantheat,633,13
NewcomerOnTheT-Train,608,35
TizzleDirt,677,35
RedditReturn,674,41
MaceroniMan666,606,24
TheLateThagSimmons,605,7
fecal_brunch,603,19
deusdragon,644,23
SteamBoat13,610,39
CrazyAsian,632,6
FountainsOfFluids,630,15
funkosaurus211,672,34
lilpinkz,698,18
homelesssfuck,607,24
stenseng,611,57
hodonata,641,18
Triabolical_,634,9
Primitive_Teabagger,696,25
PM_ME_YOUR_SPUDS,673,13
thunderchunky34,700,9
30yodogwalker,684,19
NEXT_VICTIM,688,25
snipsnapsno,648,38
bang168,605,22
Pragmatic_failure,698,16
Udontlikecake,643,24
CamisadoX3,619,18
rheeta,626,24
thebuttyprofessor,654,41
HighEnergyBrit,632,49
archer66,674,28
MoreCowBellEDM,629,22
J1vln7,608,12
OneSmallHuman,612,30
dagger852,629,9
j3rrycol,637,16
3athompson,637,26
vince801,623,43
beegreen,651,21
Syng420,637,38
CrapsackUtopia,674,26
rxsheepxr,690,29
ddamico73,657,30
hhuerta,690,78
BeastftMiddleEast,601,15
catcherx,620,15
jafar1987,654,14
Cornelius280,692,67
iAmBigDiggerNick,657,35
Usrname_Not_Relevant,659,14
BananaNinja1010,602,26
Bluntman962,700,8
Panda_Kabob,614,24
twodogsfighting,625,51
Stupid_question_bot,662,31
banalcliche,679,14
Bluetootsmagoo,650,14
TomatoManTM,660,22
worksaf,612,17
very_large_ears,659,17
wrestlrguy,618,8
drjallz,651,33
A_box_of_monkeys,675,30
xbbq,679,16
happytrails1,675,19
pine-appletrees,622,19
MrGooglyman,671,39
wiznewton,638,21
ruelahlah,637,14
LittleMzZombie,629,24
JohnWayne120,610,8
HellsBells97,628,19
ProbeUranus,601,44
b_ootay_ful,648,27
Killary_Lannister,631,83
John6507,669,13
Caboomer,617,10
elrayo,664,17
countryguy1982,622,19
luxitania,681,22
Owwmysoul,654,8
Smgt90,648,17
IntelWarrior,614,20
FelixThunderbolt,642,6
TempusVenisse,646,12
Ayodep,656,35
JVMorrow,617,12
DeplorableOhio,631,61
Bindleflop_ChinCholo,617,10
sagmag,645,6
MurphyZX,653,18
subbass,651,24
Blanche-,637,20
stevemlutz,629,17
FoxtatoOverlord,648,9
StackLeeAdams,678,28
cbnyc,643,14
oneidamojo,632,73
maaseru,670,18
Sswwaa112211,657,37
pants_mcgee,608,18
bigboi2115,655,9
MEKA_ACTIVATED,602,31
NikkoE82,650,35
MajorMeme95,671,6
ATryHardTaco,620,44
redirish,649,42
sinn0304,624,23
RhapsodyInRude,628,12
Gr3mlin0815,675,18
thats0K,611,16
silverrain64,612,16
Amaranthology,662,18
0ogaBooga,651,12
_snowpocalypse,664,12
ExplainedLikeTrump,645,7
Spenny10,646,16
StubbornPotato,663,10
SanRachHoffSing,622,25
HookedOnAWew,685,17
chironomidae,691,19
snw_23,619,8
votuer,630,17
tdewolff,637,6
DkS_FIJI,613,31
LeRedditMillenial,600,73
Artyloo,659,36
GenuinePorkChops,696,25
SharkNoises,633,15
espinoza4,688,21
oxyuh,625,28
chelcdora,690,16
AdumLarp,650,14
sapopos,635,7
gnex30,641,35
pfoxeh,617,26
Haydens_Army,653,16
coolmzn222,660,19
f_h_muffman,663,9
themindset,637,24
currently__working,641,28
Synysterjesterx,619,6
filluwithsynergism,663,28
veasel79,640,33
ThreeDawgs,644,30
teethfreak1992,613,12
NegativeX2thePurple,655,66
yumy678,603,74
scottieducati,636,14
bookman_,624,22
Ahead_of_HipHop,620,11
SundaySpeedball,670,30
qumrun60,631,46
ll_Kharybdis_ll,681,12
__Willow__,695,25
LogicDragon,677,17
tasmith1972,680,13
Mcf82,603,13
RR4YNN,698,28
Axxeli,646,7
Mappinus,643,84
PerryLJackson,663,21
theluciferprinciple,606,7
275790P0,657,10
MiffedCanadian,692,27
spongebue,604,15
therealbigbudz,617,20
ImaginaryStar,637,29
TooManlyShoes,616,14
PirateKingOfIreland,645,6
thebitchboys,680,26
bog-man,632,14
Keetamien,647,8
davled,609,44
innociv,661,20
smokinbbq,661,9
Youre_a_transistor,615,7
zsreport,699,31
los_pepes_maga,674,17
court12b,600,24
CumingLinguist,699,29
gypsiemagic,611,7
Matilda__Wormwood,649,27
glassblowerr,681,16
pandab34r,641,15
Kevlar71,654,15
notfromhouston,636,25
Lonelythrowawaysnug,643,20
AlwaysLate432,696,8
skipperdude,664,29
nathandrake7,609,39
slavsquatting,625,13
graveyardspin,693,11
lukakrkljes,607,44
juhagoli,697,17
Naminaro,663,34
shannegians251217,683,9
Thetford34,694,20
Assdolf_Shitler,679,18
IAteYoMomsPussy,614,46
Blinsin,674,17
I_MELT_STEEL_BEAMS,694,24
ihatepizzanow,619,25
MrSnowShow,639,18
gives-out-hugs,619,22
pepolpla,618,26
Pires007,615,30
48ikthrowaway,647,7
slum_bum,616,27
bannocknsaltpork,614,24
ZachMich,652,22
greatest_divide,693,6
NedSnark,604,9
mlkmlkmsfddfgdgf,622,14
Herbiejones,650,9
cubejuggler,671,18
mautsen,640,10
heyguesswhatfuckyou,663,25
PikklzForPeepl,685,19
jimmypixel,645,29
LetsGetReptarded,686,8
SuperZeroG,674,81
HUNGUSFUNGUS,615,16
TheDownvoted1,612,16
CoherentLightSource,699,7
shadoj,651,13
camocowgirl,695,73
AgressivelyMediocre,692,11
RyvenZ,627,18
DLRexx,689,34
PhazonZim,688,23
DarkTussin,692,10
Pudgewhale,613,13
CanadianPanda76,681,12
RobTheProspect,667,12
nationcrafting,696,15
clowncar,614,20
Skeletal738,601,47
LaMuchedumbre,603,13
TheManAccount,623,17
Britzer,644,10
dmstewar2,684,9
Woobie,644,11
Chromatinkerer,655,53
kingdroxie,600,17
6018674512,605,8
Shovah1985,661,74
banditkeith,645,17
hammer1717,614,28
hungryunicorn90,624,24
-BSBroderick-,646,9
killalldash9,640,7
Andures,667,8
ChillySchmitty,670,13
Garygnu1981,629,88
TheNoveltyAccountant,640,24
raouldukesaccomplice,646,25
MiCK_GaSM,643,20
killzero112,615,7
Lemonlime0,685,18
NIGHTFIRE777,651,16
hilburn,668,17
asu2009,637,14
rimper,665,50
StubbedMy____,641,6
rip_voldemortsnose94,659,8
MythicalBeast42,621,16
BrujahRage,616,17
Ran4,650,17
LawrenceRo,607,6
hucksit,678,57
mechathatcher,654,16
REAL_CONSENT_MATTERS,615,7
wildhuntressophelia,672,66
glarbung,650,24
mookie1590,619,13
TakesTheWrongSideGuy,604,26
GorillazBear,629,30
Bojangthegoatman,640,25
Aders83,661,25
Hawkmoona_Matata,617,57
DasCthulhu,638,16
ppvknifefight,684,7
AlaRaine,636,59
VeiMuri,621,18
tisn,608,22
LordGoran,673,6
7439,692,24
CherrySlurpee,669,29
fluxpatron,652,41
Pillowsmeller18,635,28
lol_AwkwardSilence_,657,41
askmehowtobecool,645,17
AmeriAsian,653,25
DesdinovaGG,617,6
WowWaitaMinute,654,9
DornishDelight,614,9
UnhingedMystery,619,18
22switch,612,20
ray305,646,16
rankingthekingdom,614,6
LV426_DISTRESS_CALL,633,13
bumpkinblumpkin,627,19
ssnistfajen,633,19
thegreatdissembler,636,56
Le_German_Face,684,15
EvanLIX,654,59
droidtookstuff,634,9
spqrnbb,666,37
Arabqa,628,15
ahhwell,622,8
Papasmurf345,683,24
thelazyhomesteadwife,682,7
BelleOfTheBayou,600,9
MeanSurray,656,16
GetFitForMe,606,7
naysayhey,678,8
Junonx,669,13
username12345678899,633,26
__EXTRATERRESTRIAL__,662,18
CasuallyErect,609,23
LKArtillery,617,8
dylanbriody,683,20
UpstateNewYorker,693,24
sometimesynot,601,16
Am_Xavi,691,16
CoolioBeanz,604,27
AnoK760,693,41
KingKnee,613,32
xianwolf,627,21
WiseOctopus,673,19
TheModerGuy,614,9
cheeseburgz,610,11
FancyAdam,673,8
Mich_Elle86,648,15
JDandJets00,644,11
BickNlinko,672,19
Rezm,640,30
GreatSmokeJustFUCKMe,697,8
NotThatDroid,647,8
Goaty_McGoatface,665,44
lou_sassoles,672,34
ApulMadeekAut,614,30
Theroy,680,10
TypicalOranges,628,18
Chambec,657,22
Richard7666,656,24
thrutheveil,612,20
0b0reading,700,24
woodenrat,672,11
liquor_squared,663,7
Zaldin89,669,14
vanceandroid,608,21
icantmakethisup,600,16
Soupchild,688,9
SargeRho,620,6
ereborian,647,10
14703421,659,25
turelure,646,6
pig-rabbit,615,14
mokavampyr,654,17
lineycakes,629,34
Bad_Idea_Bob,607,15
LettuceJizz,684,22
Keitaro_Urashima,660,29
PeenisWeenis,615,20
scottcockerman,642,30
OptimusCannabis,609,19
Chive_on_thyme,673,44
OutlawCuddie,601,31
LickMyEyes,655,60
CavediverNY,616,19
jello_aka_aron,628,7
ppfftt,692,13
boxingdude,693,19
mandoponcho1337,625,10
MsNeedSleep,611,14
djrollsroyce,679,37
PrimoYer,656,25
SirHyde,668,9
Uppercut_City,699,23
Redoubt9000,696,7
natethomas,678,20
Mockfury,626,18
Iwanttheknife,610,18
tatermonkey,675,17
sleepy-skeletons,625,46
ThisIsJesseTaft,644,17
animan222,627,16
theModge,679,21
sneakysoap,625,16
hegz0603,616,13
boomboombastic,645,48
Yolo_Swagovich,664,18
nufadzoo,699,13
Courier-6,665,8
GandhiMSF,698,14
mmencius,647,18
HishyD,697,17
slippadatongue,693,14
The_Sgro,700,43
Terribuddhist,617,12
CrochetedRockets,600,12
rmumford,626,6
PantsJihad,697,27
erincd,620,35
Background_Guy,674,33
lolPhrasing,661,33
dogfee,642,7
losing_mike,632,22
chipmunk_hivemind,616,16
HighEnergyGearhead,666,33
starking12,613,34
dave4prez,677,40
maowsers93,646,16
joaniemansoosy,682,46
Amorphica,600,9
PrezMoocow,699,13
Abushawarma,676,9
